id,name,size,url
1,ServiceIT: You can do IT,10.9 GB,https://www.wifi4games.com/pc_games/ServiceIT:_You_can_do_IT.html
2,Dying Light: The Beast,48.8 GB,https://www.wifi4games.com/pc_games/Dying_Light:_The_Beast.html
3,Hollow Knight: Silksong,2.14 GB,https://www.wifi4games.com/pc_games/Hollow_Knight:_Silksong.html
4,Need for Speed Pro Street,3.91 GB,https://www.wifi4games.com/pc_games/Need_for_Speed_Pro_Street.html
5,Lethal Company,463 MB,https://www.wifi4games.com/pc_games/Lethal_Company.html
6,Manor Lords,7.33 GB,https://www.wifi4games.com/pc_games/Manor_Lords.html
7,Ghost of Tsushima DIRECTOR'S CUT,44.5 GB,https://www.wifi4games.com/pc_games/Ghost_of_Tsushima_DIRECTOR'S_CUT.html
8,FOUNDRY,2.67 GB,https://www.wifi4games.com/pc_games/FOUNDRY.html
9,Drive Beyond Horizons,8.3 GB,https://www.wifi4games.com/pc_games/Drive_Beyond_Horizons.html
10,DAY OF DRIFT,399 MB,https://www.wifi4games.com/pc_games/DAY_OF_DRIFT.html
11,PEAK,990 MB,https://www.wifi4games.com/pc_games/PEAK.html
12,Space Engineers Warfare 2,13.7 GB,https://www.wifi4games.com/pc_games/Space_Engineers_Warfare_2.html
13,Bank Simulator,990 MB,https://www.wifi4games.com/pc_games/Bank_Simulator.html
14,Parcel Simulator,2 GB,https://www.wifi4games.com/pc_games/Parcel_Simulator.html
15,LEGO Builder's Journey,1.34 GB,https://www.wifi4games.com/pc_games/LEGO_Builder's_Journey.html
16,The Long Dark,8.27 GB,https://www.wifi4games.com/pc_games/The_Long_Dark.html
17,R.E.P.O,382 MB,https://www.wifi4games.com/pc_games/R.E.P.O.html
18,Schedule I,1.93 GB,https://www.wifi4games.com/pc_games/Schedule_I.html
19,Commandos: Origins,9.2 GB,https://www.wifi4games.com/pc_games/Commandos:_Origins.html
20,Tomb Raider IV-V-VI Remastered,6.9 GB,https://www.wifi4games.com/pc_games/Tomb_Raider_IV-VI_Remastered.html
21,The Last of Us Part II Remastered,55.6 GB,https://www.wifi4games.com/pc_games/The_Last_of_Us_Part_II_Remastered.html
22,Farming Simulator 25,21.8 GB,https://www.wifi4games.com/pc_games/Farming_Simulator_25.html
23,Split Fiction,76.5 GB,https://www.wifi4games.com/pc_games/Split_Fiction.html
24,Recycling Center Simulator,2.12 GB,https://www.wifi4games.com/pc_games/Recycling_Center_Simulator.html
25,FIFA 1998 WC,372 MB,https://www.wifi4games.com/pc_games/FIFA_1998_WC.html
26,PowerWash Simulator,12.7 GB,https://www.wifi4games.com/pc_games/PowerWash_Simulator.html
27,WWE 2K25,88.1 GB,https://www.wifi4games.com/pc_games/WWE_2K25.html
28,ARK: Ultimate Survivor Edition,42.4 GB,https://www.wifi4games.com/pc_games/ARK:_Ultimate_Survivor_Edition.html
29,MISIDE,1.4 GB,https://www.wifi4games.com/pc_games/MISIDE.html
30,Yu-Gi-Oh! Early Days Collection,4.67 GB,https://www.wifi4games.com/pc_games/Yu-Gi-Oh!_Early_Days_Collection.html
31,Foundation,2.3 GB,https://www.wifi4games.com/pc_games/Foundation.html
32,Layers of Fear,17.7 GB,https://www.wifi4games.com/pc_games/Layers_of_Fear_27.html
33,Streamer Life Simulator 2,3.29 GB,https://www.wifi4games.com/pc_games/Streamer_Life_Simulator_2.html
34,Marvel's Spider-Man 2,93.7 GB,https://www.wifi4games.com/pc_games/Marvel's_Spider-Man_2.html
35,Marvel’s Spider Man Miles Morales,28.5 GB,https://www.wifi4games.com/pc_games/Marvel’s_Spider_Man_Miles_Morales.html
36,Brotato,608 MB,https://www.wifi4games.com/pc_games/Brotato.html
37,Balatro,56 MB,https://www.wifi4games.com/pc_games/Balatro.html
38,ENDER LILIES: Quietus of the Knights,1.09 GB,https://www.wifi4games.com/pc_games/ENDER_LILIES:_Quietus_of_the_Knights.html
39,CarX Street,10.8 GB,https://www.wifi4games.com/pc_games/CarX_Street.html
40,Visage,7.74 GB,https://www.wifi4games.com/pc_games/Visage.html
41,Cities: Skylines II,38.9 GB,https://www.wifi4games.com/pc_games/Cities:_Skylines_II.html
42,Door Kickers 2: Task Force North,932 MB,https://www.wifi4games.com/pc_games/Door_Kickers_2:_Task_Force_North.html
43,TCG Card Shop Simulator,1.09 GB,https://www.wifi4games.com/pc_games/TCG_Card_Shop_Simulator.html
44,Ready or Not,35.1 GB,https://www.wifi4games.com/pc_games/Ready_or_Not.html
45,Craft The World Wonderwood,695 MB,https://www.wifi4games.com/pc_games/Craft_The_World_Wonderwood.html
46,Road Rash,19 MB,https://www.wifi4games.com/pc_games/Road_Rash.html
47,Assassin's Creed Mirage,20.7 GB,https://www.wifi4games.com/pc_games/Assassin's_Creed_Mirage.html
48,Motel Manager Simulator,2.24 GB,https://www.wifi4games.com/pc_games/Motel_Manager_Simulator.html
49,Gunsmith Simulator,9.36 GB,https://www.wifi4games.com/pc_games/Gunsmith_Simulator.html
50,RDR,5.99 GB,https://www.wifi4games.com/pc_games/Red_Dead_Redemption.html
51,2 Frostpunk,6.62 GB,https://www.wifi4games.com/pc_games/2_Frostpunk.html
52,Tech Store Simulator,2.1 GB,https://www.wifi4games.com/pc_games/Tech_Store_Simulator.html
53,The Lord of the Rings The Return of the King,216 MB,https://www.wifi4games.com/pc_games/The_Lord_of_the_Rings_The_Return_of_the_King.html
54,Silent Hill 2 Remake,33.6 GB,https://www.wifi4games.com/pc_games/Silent_Hill_2_Remake.html
55,Banished,170 MB,https://www.wifi4games.com/pc_games/Banished.html
56,Stardew Valley,823 MB,https://www.wifi4games.com/pc_games/Stardew_Valley.html
57,Mortal Kombat Trilogy,44 MB,https://www.wifi4games.com/pc_games/Mortal_Kombat_Trilogy.html
58,Ballance,25 MB,https://www.wifi4games.com/pc_games/Ballance.html
59,God of War Ragnarok,70.8 GB,https://www.wifi4games.com/pc_games/God_of_War_Ragnarok.html
60,Delta Force Xtreme,2.5 GB,https://www.wifi4games.com/pc_games/Delta_Force_Collection.html
61,Senua's Saga: Hellblade II,46 GB,https://www.wifi4games.com/pc_games/Senua's_Saga:_HellbladeII.html
62,Bad Boys II,132 MB,https://www.wifi4games.com/pc_games/Bad_Boys_II.html
63,Forklift Simulator,1.54 GB,https://www.wifi4games.com/pc_games/Forklift_Simulator.html
64,Little Kitty Big City,435 MB,https://www.wifi4games.com/pc_games/Little_Kitty_Big_City.html
65,DeepWeb Simulator,924 MB,https://www.wifi4games.com/pc_games/DeepWeb_Simulator.html
66,Factory Outlet Simulator,1.64 GB,https://www.wifi4games.com/pc_games/Factory_Outlet_Simulator.html
67,Supermarket Simulator,1.67 GB,https://www.wifi4games.com/pc_games/Supermarket_Simulator.html
68,ELDEN RING Shadow of the Erdtree,65.1 GB,https://www.wifi4games.com/pc_games/ELDEN_RING_Shadow_of_the_Erdtree.html
69,BioShock Infinite,33.1 GB,https://www.wifi4games.com/pc_games/BioShock_Infinite.html
70,Age of Mythology: Extended Edition,1.61 GB,https://www.wifi4games.com/pc_games/Age_of_Mythology:_Extended_Edition.html
71,Dishonored 2,34.3 GB,https://www.wifi4games.com/pc_games/Dishonored_2.html
72,Tekken 8,65.9 GB,https://www.wifi4games.com/pc_games/Tekken_8.html
73,My Garage,3.14 GB,https://www.wifi4games.com/pc_games/My_Garage.html
74,Watch Dogs,22.8 GB,https://www.wifi4games.com/pc_games/Watch_Dogs.html
75,The Hulk,693 MB,https://www.wifi4games.com/pc_games/The_Hulk.html
76,fifa 16,18.1 GB,https://www.wifi4games.com/pc_games/fifa_2016.html
77,REAL ESTATE Simulator,3.22 GB,https://www.wifi4games.com/pc_games/REAL_ESTATE_Simulator.html
78,Poppy Playtime - Chapter 3,35.7 GB,https://www.wifi4games.com/pc_games/Poppy_Playtime_-_Chapter_3.html
79,Poppy Playtime Chapter 2,13.1 GB,https://www.wifi4games.com/pc_games/Poppy_Playtime_Chapter_2.html
80,Poppy Playtime,3.82 GB,https://www.wifi4games.com/pc_games/Poppy_Playtime.html
81,Taxi Life: A City Driving Simulator,3.75 GB,https://www.wifi4games.com/pc_games/Taxi_Life:_A_City_Driving_Simulator.html
82,WWE 2K24,79.4 GB,https://www.wifi4games.com/pc_games/WWE_2K24.html
83,Lies of P,34.9 GB,https://www.wifi4games.com/pc_games/Lies_of_P.html
84,Settlement Survival,568 MB,https://www.wifi4games.com/pc_games/Settlement_Survival.html
85,Tomb Raider I-III Remastered Starring Lara Croft,3.58 GB,https://www.wifi4games.com/pc_games/Tomb_Raider_I-III_Remastered_Starring_Lara_Croft.html
86,Kebab Chefs Restaurant Simulator,1.58 GB,https://www.wifi4games.com/pc_games/Kebab_Chefs_Restaurant_Simulator.html
87,House Builder,12.3 GB,https://www.wifi4games.com/pc_games/House_Builder.html
88,Garten of Banban 6,522 MB,https://www.wifi4games.com/pc_games/Garten_of_Banban_6.html
89,Computer Repair Shop,3 GB,https://www.wifi4games.com/pc_games/Computer_Repair_Shop.html
90,AirportSim,3.94 GB,https://www.wifi4games.com/pc_games/AirportSim.html
91,Alan Wake 2,63.7 GB,https://www.wifi4games.com/pc_games/2_Alan_Wake.html
92,Tomb Raider Legend,4.83 GB,https://www.wifi4games.com/pc_games/Tomb_Raider_Legend.html
93,Atomic Heart,26.9 GB,https://www.wifi4games.com/pc_games/Atomic_Heart.html
94,7arp Embaba,37 MB,https://www.wifi4games.com/pc_games/heavy_weapon.html
95,Lords of the Fallen,23.3 GB,https://www.wifi4games.com/pc_games/Lords_of_the_Fallen.html
96,Good Pizza Great Pizza Cooking Simulator Game,767 MB,https://www.wifi4games.com/pc_games/Good_Pizza_Great_Pizza_Cooking_Simulator_Game.html
97,Pumping Simulator 2,2.78 GB,https://www.wifi4games.com/pc_games/Pumping_Simulator_2.html
98,COD,132 GB,https://www.wifi4games.com/pc_games/Call_of_Duty:_Black_Ops_Cold_War_Ultimate_Edition.html
99,Car For Sale Simulator 2023,2.25 GB,https://www.wifi4games.com/pc_games/Car_For_Sale_Simulator_2023.html
100,Human Fall Flat Underwater,1.86 GB,https://www.wifi4games.com/pc_games/Human_Fall_Flat_Underwater.html
101,Crypto Miner Tycoon,187 MB,https://www.wifi4games.com/pc_games/Crypto_Miner_Tycoon.html
102,House Flipper,8.65 GB,https://www.wifi4games.com/pc_games/House_Flipper.html
103,Contraband Police,6.91 GB,https://www.wifi4games.com/pc_games/Contraband_Police.html
104,DMC,7.27 GB,https://www.wifi4games.com/pc_games/Devil_May_Cry_5.html
105,2077 Cyberpunk,56 GB,https://www.wifi4games.com/pc_games/2077-Cyberpunk.html
106,ARMORED CORE VI FIRES OF RUBICON,46.2 GB,https://www.wifi4games.com/pc_games/ARMORED_CORE_VI_FIRES_OF_RUBICON.html
107,Starfield,101 GB,https://www.wifi4games.com/pc_games/Starfield.html
108,EA SPORTS™ FIFA 23,42.3 GB,https://www.wifi4games.com/pc_games/EA_SPORTS™_FIFA_23.html
109,WolfQuest: Anniversary Edition,5.18 GB,https://www.wifi4games.com/pc_games/WolfQuest:_Anniversary_Edition.html
110,Minecraft Legends,10 GB,https://www.wifi4games.com/pc_games/Minecraft_Legends.html
111,Oxygen Not Included,1.08 GB,https://www.wifi4games.com/pc_games/Oxygen_Not_Included.html
112,Gold Rush,15.6 GB,https://www.wifi4games.com/pc_games/gold_rush_the_game_season_2.html
113,American Truck Simulator,8.25 GB,https://www.wifi4games.com/pc_games/American_Truck_Simulator.html
114,Ratchet and Clank: Rift Apart,27.7 GB,https://www.wifi4games.com/pc_games/Ratchet__Clank:Rift_Apart.html
115,Sons of the Forest,10 GB,https://www.wifi4games.com/pc_games/Sons_of_the_Forest.html
116,Dead Island 2,37 GB,https://www.wifi4games.com/pc_games/Dead_Island_2.html
117,Dave The Diver,4.86 GB,https://www.wifi4games.com/pc_games/Dave_The_Diver.html
118,Factorio,1.43 GB,https://www.wifi4games.com/pc_games/Factorio.html
119,Grounded,9 GB,https://www.wifi4games.com/pc_games/Grounded.html
120,DMC3,3.1 GB,https://www.wifi4games.com/pc_games/Devil_May_Cry_3.html
121,Kingdoms,670 MB,https://www.wifi4games.com/pc_games/Kingdoms_Castles.html
122,Only Up,4.7 GB,https://www.wifi4games.com/pc_games/Only_Up.html
123,Tomb Raider VI: The Angel of Darkness,1.35 GB,https://www.wifi4games.com/pc_games/Tomb_Raider_The_Angel_of_Darkness.html
124,Garbage Truck Simulator,1.81 GB,https://www.wifi4games.com/pc_games/Trash_Truck_Simulator.html
125,Resident Evil 4: Remake – Deluxe Edition,55.83 GB,https://www.wifi4games.com/pc_games/Resident_Evil_4:_Remake_–_Deluxe_Edition.html
126,Skullgirls 2nd Encore,2.37 GB,https://www.wifi4games.com/pc_games/Skullgirls_2nd_Encore.html
127,Euro Truck Simulator 2,9.09 GB,https://www.wifi4games.com/pc_games/Euro_Truck_Simulator_2.html
128,STRAFE,2.27 GB,https://www.wifi4games.com/pc_games/STRAFE.html
129,Big Ambitions,2.35 GB,https://www.wifi4games.com/pc_games/Big_Ambitions.html
130,3 Goat Simulator,2.5 GB,https://www.wifi4games.com/pc_games/3_Goat_Simulator.html
131,The Last of Us Part I,74 GB,https://www.wifi4games.com/pc_games/The_Last_of_Us_Part_I.html
132,Have a Nice Death,1.4 GB,https://www.wifi4games.com/pc_games/Have_a_Nice_Death.html
133,Knights of Honor II: Sovereign,6.33 GB,https://www.wifi4games.com/pc_games/Knights_of_Honor_II:_Sovereign.html
134,Hogwarts Legacy,58.6 GB,https://www.wifi4games.com/pc_games/Hogwarts_Legacy.html
135,Slime Rancher 2,1.02 GB,https://www.wifi4games.com/pc_games/Slime_Rancher_2.html
136,My Gaming Club,315 MB,https://www.wifi4games.com/pc_games/My_Gaming_Club.html
137,PERISH,6.13 GB,https://www.wifi4games.com/pc_games/PERISH.html
138,Fireworks Simulator,746 MB,https://www.wifi4games.com/pc_games/Fireworks_Simulator.html
139,ONE PIECE ODYSSEY,28.7 GB,https://www.wifi4games.com/pc_games/ONE_PIECE_ODYSSEY.html
140,ISLANDERS,997 MB,https://www.wifi4games.com/pc_games/ISLANDERS.html
141,Project Zomboid,2.54 GB,https://www.wifi4games.com/pc_games/Project_Zomboid.html
142,Phasmophobia,8.7 GB,https://www.wifi4games.com/pc_games/Phasmophobia.html
143,Gotham Knights,30.7 GB,https://www.wifi4games.com/pc_games/Gotham_Knights.html
144,High On Life,45.7 GB,https://www.wifi4games.com/pc_games/High_On_Life.html
145,Superliminal,4.37 GB,https://www.wifi4games.com/pc_games/Superliminal.html
146,CRUMB Circuit Simulator,105 MB,https://www.wifi4games.com/pc_games/CRUMB_Circuit_Simulator.html
147,Hellish Quart,5 GB,https://www.wifi4games.com/pc_games/Hellish_Quart.html
148,DRAGON BALL FIGHTERZ-Android 21,5.71 GB,https://www.wifi4games.com/pc_games/DRAGON_BALL_FIGHTERZ-Android_21.html
149,UNCHARTED:Legacy of Thieves Collection,95.6 GB,https://www.wifi4games.com/pc_games/UNCHARTED:Legacy_of_Thieves_Collection.html
150,Scorn,17.2 GB,https://www.wifi4games.com/pc_games/Scorn.html
151,Forager,106 MB,https://www.wifi4games.com/pc_games/Forager.html
152,A Plague Tale: Requiem,45.8 GB,https://www.wifi4games.com/pc_games/A_Plague_Tale:_Requiem.html
153,PC Building Simulator 2,6.99 GB,https://www.wifi4games.com/pc_games/PC_Building_Simulator_2.html
154,Downwell,26 MB,https://www.wifi4games.com/pc_games/Downwell.html
155,Dome Keeper,413 MB,https://www.wifi4games.com/pc_games/Dome_Keeper.html
156,Ion Fury,96 MB,https://www.wifi4games.com/pc_games/Ion_Fury.html
157,Cyber Shadow,104 MB,https://www.wifi4games.com/pc_games/Cyber_Shadow.html
158,UltraKill,779 MB,https://www.wifi4games.com/pc_games/UltraKill.html
159,Inside the Backrooms,2.28 GB,https://www.wifi4games.com/pc_games/Inside_the_Backrooms.html
160,Pro Evolution Soccer 2010,3.87 GB,https://www.wifi4games.com/pc_games/PES_2010.html
161,Celeste,845 MB,https://www.wifi4games.com/pc_games/Celeste.html
162,TMNT,486 MB,https://www.wifi4games.com/pc_games/Teenage_Mutant_Ninja_Turtles:_Shredder's_Revenge.html
163,Starcraft 2 Wings of Liberty,7.2 GB,https://www.wifi4games.com/pc_games/Starcraft_2_Wings_of_Liberty.html
164,all old nintendo games,13 MB,https://www.wifi4games.com/pc_games/ROCKNES_X.html
165,Star Valor,553 MB,https://www.wifi4games.com/pc_games/Star_Valor.html
166,Dark Souls: Prepare to Die Edition,2.25 GB,https://www.wifi4games.com/pc_games/DARK_SOULS:Prepare_To_Die.html
167,Totally Accurate Battle Simulator,1.47 GB,https://www.wifi4games.com/pc_games/Totally_Accurate_Battle_Simulator.html
168,The Binding of Isaac: Rebirth,1.04 GB,https://www.wifi4games.com/pc_games/The_Binding_of_Isaac:_Rebirth.html
169,Marvel’s Spider-Man,39.1 GB,https://www.wifi4games.com/pc_games/Marvel’s_Spider-Man.html
170,Suicide Guy,1.34 GB,https://www.wifi4games.com/pc_games/Suicide_Guy.html
171,Prison Architect,733 MB,https://www.wifi4games.com/pc_games/Prison_Architect_76.html
172,Dying Light 2 Stay Human,25.8 GB,https://www.wifi4games.com/pc_games/Dying_Light_2_Stay_Human.html
173,MADiSON,4.2 GB,https://www.wifi4games.com/pc_games/MADiSON.html
174,Hello Neighbor: Hide and Seek,1.4 GB,https://www.wifi4games.com/pc_games/Hello_Neighbor:_Hide_and_Seek.html
175,Resident Evil 6,5.18 GB,https://www.wifi4games.com/pc_games/Resident_Evil_6.html
176,Supercow,30 MB,https://www.wifi4games.com/pc_games/Supercow.html
177,Stray,6.29 GB,https://www.wifi4games.com/pc_games/Stray.html
178,Dragon Ball Xenoverse 2,20.7 GB,https://www.wifi4games.com/pc_games/Dragon_Ball_Xenoverse_2.html
179,OVERPASS,7.94 GB,https://www.wifi4games.com/pc_games/OVERPASS.html
180,Cuphead - The Delicious Last Course,4.87 GB,https://www.wifi4games.com/pc_games/Cuphead_-_The_Delicious_Last_Course.html
181,Marvel's Guardians of the Galaxy,22.3 GB,https://www.wifi4games.com/pc_games/Marvel's_Guardians_of_the_Galaxy.html
182,Beamng,12 GB,https://www.wifi4games.com/pc_games/BeamNG_Drive.html
183,terratech,427 MB,https://www.wifi4games.com/pc_games/terratech.html
184,Raft,3.12 GB,https://www.wifi4games.com/pc_games/Raft.html
185,The Battle of Polytopia,65 MB,https://www.wifi4games.com/pc_games/The_Battle_of_Polytopia.html
186,Call of Duty : Black Ops III,42.5 GB,https://www.wifi4games.com/pc_games/Call_of_Duty_:_Black_Ops_III.html
187,Cooking Simulator,8.86 GB,https://www.wifi4games.com/pc_games/Cooking_Simulator.html
188,Turmoil,255 MB,https://www.wifi4games.com/pc_games/Turmoil.html
189,Bakery Simulator,5.29 GB,https://www.wifi4games.com/pc_games/Bakery_Simulator.html
190,Sunset Overdrive,14.7 GB,https://www.wifi4games.com/pc_games/Sunset_Overdrive.html
191,FarCry 6,83 GB,https://www.wifi4games.com/pc_games/FarCry_6_71.html
192,My Time at Sandrock,7.73 GB,https://www.wifi4games.com/pc_games/My_Time_at_Sandrock.html
193,POSTAL 4: No Regerts,33.1 GB,https://www.wifi4games.com/pc_games/POSTAL_4:_No_Regerts.html
194,The Infected,2.51 GB,https://www.wifi4games.com/pc_games/The_Infected.html
195,Disney’s Hercules,31 MB,https://www.wifi4games.com/pc_games/Disney’s_Hercules.html
196,The Lord of the Rings: Conquest,3.89 GB,https://www.wifi4games.com/pc_games/The_Lord_of_the_Rings:_Conquest.html
197,THE HOUSE OF THE DEAD: Remake,6.53 GB,https://www.wifi4games.com/pc_games/THE_HOUSE_OF_THE_DEAD:_Remake.html
198,The King of Fighters XV,29.6 GB,https://www.wifi4games.com/pc_games/The_King_of_Fighters_XV.html
199,Deathloop,29.6 GB,https://www.wifi4games.com/pc_games/Deathloop.html
200,The Long Drive,307 MB,https://www.wifi4games.com/pc_games/The_Long_Drive.html
201,Merchant of the Skies,127 MB,https://www.wifi4games.com/pc_games/Merchant_of_the_Skies.html
202,ASTRONEER,2.5 GB,https://www.wifi4games.com/pc_games/ASTRONEER.html
203,Battle Brothers,1.23 GB,https://www.wifi4games.com/pc_games/Battle_Brothers.html
204,Ghostwire: Tokyo,16 GB,https://www.wifi4games.com/pc_games/Ghostwire:_Tokyo.html
205,Townscaper,70 MB,https://www.wifi4games.com/pc_games/Townscaper.html
206,WWE 2K22,48 GB,https://www.wifi4games.com/pc_games/WWE_2K22.html
207,Poly Bridge,122 MB,https://www.wifi4games.com/pc_games/Poly_Bridge.html
208,Shadow Warrior 3,22.7 GB,https://www.wifi4games.com/pc_games/Shadow_Warrior_3.html
209,Outer Wilds,3.78 GB,https://www.wifi4games.com/pc_games/Outer_Wilds.html
210,Jazz Jackrabbit Collection,294 MB,https://www.wifi4games.com/pc_games/Jazz_Jack_rabbit_Collection.html
211,Sekiro Shadow Die Twice Game of the Year Edition,8.8 GB,https://www.wifi4games.com/pc_games/Sekiro_Shadow_Die_Twice_Game_of_the_Year_Edition.html
212,Elden Ring,45.7 GB,https://www.wifi4games.com/pc_games/Elden_Ring.html
213,Hotline Miami 2: Wrong Number,630 MB,https://www.wifi4games.com/pc_games/Hotline_Miami_2:_Wrong_Number.html
214,Mount & Blade II Bannerlord,39 GB,https://www.wifi4games.com/pc_games/Mount__Blade_II_Bannerlord.html
215,Generation Zero,31.4 GB,https://www.wifi4games.com/pc_games/Generation_Zero.html
216,Carrion,118 MB,https://www.wifi4games.com/pc_games/Carrion.html
217,Hotline Miami,514 MB,https://www.wifi4games.com/pc_games/Hotline_Miami.html
218,The Elder Scrolls V Skyrim Anniversary Edition,23 GB,https://www.wifi4games.com/pc_games/The_Elder_Scrolls_V_Skyrim_Anniversary_Edition.html
219,SIFU,14.9 GB,https://www.wifi4games.com/pc_games/SIFU.html
220,Eastward,1.13 GB,https://www.wifi4games.com/pc_games/Eastward.html
221,Rusted Warfare-RTS,175 MB,https://www.wifi4games.com/pc_games/Rusted_Warfare-RTS.html
222,Stranded Deep,1.47 GB,https://www.wifi4games.com/pc_games/Stranded_Deep.html
223,Maid of Sker,6.92 GB,https://www.wifi4games.com/pc_games/Maid_of_Sker.html
224,Starsand,4.34 GB,https://www.wifi4games.com/pc_games/Starsand.html
225,Serious Sam Siberian Mayhem,25.2 GB,https://www.wifi4games.com/pc_games/Serious_Sam_Siberian_Mayhem.html
226,The Elder Scrolls IV: Oblivion,5.2 GB,https://www.wifi4games.com/pc_games/The_Elder_Scrolls_IV:_Oblivion.html
227,God of War 4,38.4 GB,https://www.wifi4games.com/pc_games/God_of_War_4.html
228,Good Company,645 MB,https://www.wifi4games.com/pc_games/Good_Company.html
229,God Of War 1,195 MB,https://www.wifi4games.com/pc_games/God_Of_War_1.html
230,2 Internet Cafe Simulator,2.27 GB,https://www.wifi4games.com/pc_games/Internet_Cafe_Simulator_2.html
231,Streamer Life Simulator,1.88 GB,https://www.wifi4games.com/pc_games/Streamer_Life_Simulator.html
232,Watch Dogs: Legion,96.1 GB,https://www.wifi4games.com/pc_games/Watch_Dogs:_Legion.html
233,Graveyard Keeper,737 MB,https://www.wifi4games.com/pc_games/Graveyard_Keeper.html
234,Ranch Simulator,5.82 GB,https://www.wifi4games.com/pc_games/Ranch_Simulator.html
235,Hearts of Iron II,457 MB,https://www.wifi4games.com/pc_games/Hearts_of_Iron_II.html
236,Dead Cells Every One Is Here,4.51 GB,https://www.wifi4games.com/pc_games/Dead_Cells_The_Bestiary.html
237,Dead Cells,974 MB,https://www.wifi4games.com/pc_games/Dead_Cells.html
238,Diablo 2,7.2 GB,https://www.wifi4games.com/pc_games/2_Diablo.html
239,The Evil Within,14.8 GB,https://www.wifi4games.com/pc_games/The_Evil_Within.html
240,HUMANKIND,14.3 GB,https://www.wifi4games.com/pc_games/HUMANKIND.html
241,Farming Simulator 22,13.9 GB,https://www.wifi4games.com/pc_games/Farming_Simulator_22.html
242,ICARUS,26.2 GB,https://www.wifi4games.com/pc_games/ICARUS.html
243,Trailmakers High Seas,4.27 GB,https://www.wifi4games.com/pc_games/Trailmakers.html
244,Bus Simulator 21,6.07 GB,https://www.wifi4games.com/pc_games/Bus_Simulator_21.html
245,Halo Infinite,42 GB,https://www.wifi4games.com/pc_games/Halo_Infinite.html
246,Street Outlaws 2: Winner Takes All,10.8 GB,https://www.wifi4games.com/pc_games/Street_Outlaws_2:_Winner_Takes_All.html
247,Len's Island,787 MB,https://www.wifi4games.com/pc_games/Len's_Island.html
248,GTA III Definitive Edition,4.33 GB,https://www.wifi4games.com/pc_games/GTA_III_Definitive_Edition.html
249,GTA San Andreas Definitive Edition,18.9 GB,https://www.wifi4games.com/pc_games/GTA_San_Andreas_Definitive_Edition.html
250,Grand Theft Auto Vice City-The Definitive Edition,9.31 GB,https://www.wifi4games.com/pc_games/Grand_Theft_Auto_Vice_City-The_Definitive_Edition.html
251,Grand Theft Auto: The Trilogy-The Definitive Edition,32.6 GB,https://www.wifi4games.com/pc_games/GTA_The_Trilogy.html
252,5 Forza Horizon,91.7 GB,https://www.wifi4games.com/pc_games/5_Forza_Horizon.html
253,Age of Empires IV,54.1 GB,https://www.wifi4games.com/pc_games/Age_of_Empires_IV.html
254,Kingdom Two Crowns Never Alone,1.33 GB,https://www.wifi4games.com/pc_games/Kingdom_Two_Crowns_Never_Alone.html
255,The Dark Pictures Anthology: House of Ashes,25.8 GB,https://www.wifi4games.com/pc_games/The_Dark_Pictures_Anthology:_House_of_Ashes.html
256,Prince of Persia: The Sands of Time,261 MB,https://www.wifi4games.com/pc_games/Prince_of_Persia:_The_Sands_of_Time.html
257,Max Payne 3,15.7 GB,https://www.wifi4games.com/pc_games/_77.html
258,Army Men RTS,135 MB,https://www.wifi4games.com/pc_games/Army_Men_RTS.html
259,Return to Castle Wolfenstein,761 MB,https://www.wifi4games.com/pc_games/Return_to_Castle_Wolfenstein.html
260,The Punisher,249 MB,https://www.wifi4games.com/pc_games/The_Punisher.html
261,The Medium,38.4 GB,https://www.wifi4games.com/pc_games/The_Medium.html
262,SCUM,29.5 GB,https://www.wifi4games.com/pc_games/SCUM.html
263,Prince of Persia: Warrior Within,869 MB,https://www.wifi4games.com/pc_games/Prince_of_Persia:_Warrior_Within.html
264,Prince of Persia: The Two Thrones,1.18 GB,https://www.wifi4games.com/pc_games/Prince_of_Persia:_The_Two_Thrones.html
265,DOOM Eternal: The Ancient Gods,73.2 GB,https://www.wifi4games.com/pc_games/DOOM_Eternal:_The_Ancient_Gods.html
266,Trader Life Simulator,9.26 GB,https://www.wifi4games.com/pc_games/Trader_Life_Simulator.html
267,Nickelodeon All-Star Brawl,4.73 GB,https://www.wifi4games.com/pc_games/Nickelodeon_All-Star_Brawl.html
268,Age of Empires III: Definitive Edition,29.5 GB,https://www.wifi4games.com/pc_games/Age_of_Empires_III:_Definitive_Edition.html
269,Kena Bridge of Spirits,19 GB,https://www.wifi4games.com/pc_games/Kena_Bridge_of_Spirits.html
270,"Honey, I Joined a Cult",235 MB,"https://www.wifi4games.com/pc_games/Honey,_I_Joined_a_Cult.html"
271,Gas Station Simulator,6.15 GB,https://www.wifi4games.com/pc_games/Gas_Station_Simulator.html
272,S.T.A.L.K.E.R.: Shadow of Chernobyl,3.76 GB,https://www.wifi4games.com/pc_games/S.T.A.L.K.E.R.:_Shadow_of_Chernobyl.html
273,Surviving Mars,6.55 GB,https://www.wifi4games.com/pc_games/Surviving_Mars.html
274,Freedom Fighters,418 MB,https://www.wifi4games.com/pc_games/Freedom_Fighters.html
275,Satisfactory,6.02 GB,https://www.wifi4games.com/pc_games/Satisfactory.html
276,Life is Strange: True Colors,20.8 GB,https://www.wifi4games.com/pc_games/Life_is_Strange:_True_Colors.html
277,Chernobylite,29.2 GB,https://www.wifi4games.com/pc_games/Chernobylite.html
278,Surgeon Simulator 2,1.81 GB,https://www.wifi4games.com/pc_games/Surgeon_Simulator_2.html
279,Mega Man 11,2.1 GB,https://www.wifi4games.com/pc_games/Mega_Man_11.html
280,Car Mechanic Simulator 2021,10.9 GB,https://www.wifi4games.com/pc_games/Car_Mechanic_Simulator_2021.html
281,pc building simulator esports expansion,11.7 GB,https://www.wifi4games.com/pc_games/pc_building_simulator_esports_expansion.html
282,Don’t Starve Together,1.59 GB,https://www.wifi4games.com/pc_games/Don’t_Starve_Together.html
283,Conflict Global Terror,1.78 GB,https://www.wifi4games.com/pc_games/Conflict_Global_Terror.html
284,Aliens: Fireteam Elite,15.1 GB,https://www.wifi4games.com/pc_games/Aliens:_Fireteam_Elite.html
285,Quake Enhanced,571 MB,https://www.wifi4games.com/pc_games/Quake_Enhanced.html
286,Wasteland 3,14.7 GB,https://www.wifi4games.com/pc_games/Wasteland_3.html
287,Mad Max,3.68 GB,https://www.wifi4games.com/pc_games/Mad_Max.html
288,Sniper Art of Victory,638 MB,https://www.wifi4games.com/pc_games/Sniper_Art_of_Victory.html
289,Stronghold Crusader HD,866 MB,https://www.wifi4games.com/pc_games/Stronghold_Crusader_HD.html
290,Unreal Tournament,332 MB,https://www.wifi4games.com/pc_games/Unreal_Tournament.html
291,Chuzzle Deluxe,9 MB,https://www.wifi4games.com/pc_games/Chuzzle_Deluxe.html
292,The Pedestrian,791 MB,https://www.wifi4games.com/pc_games/The_Pedestrian.html
293,Farm Frenzy 2,34 MB,https://www.wifi4games.com/pc_games/Farm_Frenzy_2.html
294,WWE Showdown 2,712 MB,https://www.wifi4games.com/pc_games/WWE_Showdown_2.html
295,the sims 4,51.5 GB,https://www.wifi4games.com/pc_games/the_sims4.html
296,Hydroneer Logic and Power,2.9 GB,https://www.wifi4games.com/pc_games/Hydroneer_Logic_and_Power.html
297,Vesper,871 MB,https://www.wifi4games.com/pc_games/Vesper.html
298,Crazy Machines,952 MB,https://www.wifi4games.com/pc_games/Crazy_Machines.html
299,Urban Trial Tricky Deluxe Edition,976 MB,https://www.wifi4games.com/pc_games/Urban_Trial_Tricky_Deluxe_Edition.html
300,Dream Engines: Nomad Cities,481 MB,https://www.wifi4games.com/pc_games/Dream_Engines:_Nomad_Cities.html
301,Resident Evil Village,26.5 GB,https://www.wifi4games.com/pc_games/Resident_Evil_Village.html
302,Deep Rock Galactic,1.76 GB,https://www.wifi4games.com/pc_games/Deep_Rock_Galactic.html
303,Dyson Sphere Program,1.13 GB,https://www.wifi4games.com/pc_games/Dyson_Sphere_Program.html
304,Forza Horizon 4 Ultimate Edition,92 GB,https://www.wifi4games.com/pc_games/Forza_Horizon_4_Ultimate_Edition.html
305,Assetto Corsa,7.92 GB,https://www.wifi4games.com/pc_games/Assetto_Corsa.html
306,Slime Rancher,610 MB,https://www.wifi4games.com/pc_games/Slime_Rancher.html
307,Skul: The Hero Slayer,1.66 GB,https://www.wifi4games.com/pc_games/Skul:_The_Hero_Slayer.html
308,Far Cry 2,2.23 GB,https://www.wifi4games.com/pc_games/FARCRY_2.html
309,Necromunda Hired Gun,21.2 GB,https://www.wifi4games.com/pc_games/Necromunda_Hired_Gun.html
310,Sniper Ghost Warrior Contracts 2,13.1 GB,https://www.wifi4games.com/pc_games/Sniper_Ghost_Warrior_Contracts_2.html
311,Biomutant,12.4 GB,https://www.wifi4games.com/pc_games/Biomutant.html
312,Days Gone,50.9 GB,https://www.wifi4games.com/pc_games/Days_Gone.html
313,Portal,2.25 GB,https://www.wifi4games.com/pc_games/Portal.html
314,Prison Architect - Going Green,501 MB,https://www.wifi4games.com/pc_games/Prison_Architect_-_Going_Green.html
315,Call of the Sea,12.8 GB,https://www.wifi4games.com/pc_games/Call_of_the_Sea.html
316,Valheim,567 MB,https://www.wifi4games.com/pc_games/Valheim.html
317,Supraland,3.97 GB,https://www.wifi4games.com/pc_games/Supraland.html
318,It Takes Two,42.7 GB,https://www.wifi4games.com/pc_games/It_Takes_Two.html
319,Crash Bandicoot 4 It is About Time,22.7 GB,https://www.wifi4games.com/pc_games/Crash_Bandicoot_4_It's_About_Time.html
320,Assassin's Creed Valhalla,56.4 GB,https://www.wifi4games.com/pc_games/Assassin's_Creed_Valhalla.html
321,Zombie Army 4: Dead War,29.7 GB,https://www.wifi4games.com/pc_games/Zombie_Army_4:_Dead_War.html
322,Immortals Fenyx Rising,25.4 GB,https://www.wifi4games.com/pc_games/Immortals_Fenyx_Rising.html
323,Frostpunk Game of The Year Edition,10.9 GB,https://www.wifi4games.com/pc_games/Frostpunk_Game_of_The_Year_Edition.html
324,BioShock,2.06 GB,https://www.wifi4games.com/pc_games/BioShock.html
325,Arma 3 Art of War,60.2 GB,https://www.wifi4games.com/pc_games/Arma_3_Art_of_War.html
326,Little Nightmares 2,3.84 GB,https://www.wifi4games.com/pc_games/Little_Nightmares_2.html
327,2 Nioh,57.5 GB,https://www.wifi4games.com/pc_games/2_Nioh.html
328,Hitman 3,50 GB,https://www.wifi4games.com/pc_games/Hitman_3.html
329,Mortal Shell,5.95 GB,https://www.wifi4games.com/pc_games/Mortal_Shell.html
330,Anno 1800,33.3 GB,https://www.wifi4games.com/pc_games/Anno_1800.html
331,Super Meat Boy Forever,2.27 GB,https://www.wifi4games.com/pc_games/Super_Meat_Boy_Forever.html
332,Hades,10.5 GB,https://www.wifi4games.com/pc_games/Hades.html
333,Cooking Simulator Pizza,6.38 GB,https://www.wifi4games.com/pc_games/Cooking_Simulator_Pizza.html
334,life is strange complete season,13.2 GB,https://www.wifi4games.com/pc_games/life_is_strange_complete_season.html
335,how wants to be a millionaire,2 MB,https://www.wifi4games.com/pc_games/how_wants_to_be_a_millionaire.html
336,The Dark Pictures Anthology Little Hope,29.4 GB,https://www.wifi4games.com/pc_games/The_Dark_Pictures_Anthology_Little_Hope.html
337,Ghostrunner,11.2 GB,https://www.wifi4games.com/pc_games/Ghostrunner.html
338,Teardown,971 MB,https://www.wifi4games.com/pc_games/Teardown.html
339,Amnesia: Rebirth,16.1 GB,https://www.wifi4games.com/pc_games/Amnesia:_Rebirth.html
340,2 Red Dead Redemption,66.3 GB,https://www.wifi4games.com/pc_games/2_Red_Dead_Redemption.html
341,Marvel's Avengers,52.3 GB,https://www.wifi4games.com/pc_games/Marvel's_Avengers_26.html
342,Crysis Remastered,18.5 GB,https://www.wifi4games.com/pc_games/Crysis_Remastered.html
343,11 Mortal Kombat,99.2 GB,https://www.wifi4games.com/pc_games/11_Mortal_Kombat.html
344,Death Stranding,63.2 GB,https://www.wifi4games.com/pc_games/Death_Stranding.html
345,pro 2021,31.8 GB,https://www.wifi4games.com/pc_games/eFootball_PES_2021.html
346,Mafia Definitive Edition,34.7 GB,https://www.wifi4games.com/pc_games/Mafia_Definitive_Edition.html
347,A Total War Saga Troy,14.9 GB,https://www.wifi4games.com/pc_games/A_Total_War_Saga_Troy.html
348,Neighbours back From Hell HD,999 MB,https://www.wifi4games.com/pc_games/Neighbours_back_From_Hell_HD.html
349,Iron Harvest,13.9 GB,https://www.wifi4games.com/pc_games/Iron_Harvest.html
350,State of Decay 2,13.4 GB,https://www.wifi4games.com/pc_games/State_of_Decay_2.html
351,Resident Evil 3 Remake,20 GB,https://www.wifi4games.com/pc_games/Resident_Evil_3_Remake.html
352,NieR Automata,34.3 GB,https://www.wifi4games.com/pc_games/NieR_Automata.html
353,Serious Sam 4,38.3 GB,https://www.wifi4games.com/pc_games/_39.html
354,4 Farm Frenzy,480 MB,https://www.wifi4games.com/pc_games/4_Farm_Frenzy.html
355,Captain Tsubasa Rise of New Champions,15.9 GB,https://www.wifi4games.com/pc_games/Captain_Tsubasa_Rise_of_New_Champions.html
356,Samurai Jack Battle Through Time,3.8 GB,https://www.wifi4games.com/pc_games/Samurai_Jack_Battle_Through_Time.html
357,Alien Shooter 2,261 MB,https://www.wifi4games.com/pc_games/Alien_Shooter_2.html
358,Microsoft Flight Simulator,74.4 GB,https://www.wifi4games.com/pc_games/Microsoft_Flight_Simulator.html
359,GTA SAN ANDREAS,800 MB,https://www.wifi4games.com/pc_games/GTA_SAN_ANDREAS.html
360,Grand Theft Auto IV,19 GB,https://www.wifi4games.com/pc_games/Grand_Theft_Auto_IV.html
361,Alien Shooter,89 MB,https://www.wifi4games.com/pc_games/Alien_Shooter.html
362,Farm Frenzy,16 MB,https://www.wifi4games.com/pc_games/Farm_Frenzy.html
363,Zuma Deluxe,5 MB,https://www.wifi4games.com/pc_games/Zuma_Deluxe.html
364,Feeding Frenzy 2 Shipwreck Showdown,16 MB,https://www.wifi4games.com/pc_games/Feeding_Frenzy_2_Shipwreck_Showdown.html
365,Feeding Frenzy,6 MB,https://www.wifi4games.com/pc_games/Feeding_Frenzy.html
366,Insaniquarium!Deluxe,9 MB,https://www.wifi4games.com/pc_games/Insaniquarium!Deluxe.html
367,Chicken Invaders 5,116 MB,https://www.wifi4games.com/pc_games/Chicken_Invaders_5.html
368,Ballance: The Return,68 MB,https://www.wifi4games.com/pc_games/Ballance:_The_Return.html
369,Global Operations,482 MB,https://www.wifi4games.com/pc_games/Global_Operations.html
370,Horizon Zero Dawn:Repack,39.8 GB,https://www.wifi4games.com/pc_games/Horizon_Zero_Dawn_90.html
371,Horizon Zero Dawn,65.6 GB,https://www.wifi4games.com/pc_games/Horizon_Zero_Dawn.html
372,Fast & Furious Crossroads,81 GB,https://www.wifi4games.com/pc_games/Fast__Furious_Crossroads.html
373,LEGO Marvel Super Heroes 2  Marvel's Avengers: Infinity War,22.5 GB,https://www.wifi4games.com/pc_games/LEGO_Marvel_Super_Heroes_2__Marvel's_Avengers:_Infinity_War.html
374,Dirt 3,7.94 GB,https://www.wifi4games.com/pc_games/Dirt_3.html
375,Spintires,1.98 GB,https://www.wifi4games.com/pc_games/Spintires.html
376,Metro Last Night Redux,8.47 GB,https://www.wifi4games.com/pc_games/Metro_Last_Night_Redux.html
377,Halo The Master Chief Collection,55.3 GB,https://www.wifi4games.com/pc_games/_34.html
378,Dead By Day Light,3.35 GB,https://www.wifi4games.com/pc_games/Dead_By_Day_Light.html
379,company of heroes,12 GB,https://www.wifi4games.com/pc_games/company_of_heroes.html
380,Dark Souls III,17.8 GB,https://www.wifi4games.com/pc_games/Dark_Souls_III.html
381,Dragon Ball Xenoverse,8.88 GB,https://www.wifi4games.com/pc_games/Dragon_Ball_Xenoverse.html
382,Prototype,5.06 GB,https://www.wifi4games.com/pc_games/Prototype.html
383,Minecraft Dungeons,955 MB,https://www.wifi4games.com/pc_games/Minecraft_Dungeons.html
384,Shadow Tactics: Blades of the Shogun,3.86 GB,https://www.wifi4games.com/pc_games/Shadow_Tactics:_Blades_of_the_Shogun.html
385,Neon Abyss,248 MB,https://www.wifi4games.com/pc_games/Neon_Abyss.html
386,kingdom new lands,283 MB,https://www.wifi4games.com/pc_games/kingdom_new_lands.html
387,sleeping dogs,9.66 GB,https://www.wifi4games.com/pc_games/sleeping_dogs.html
388,Candleman: The Complete Journey,1.43 GB,https://www.wifi4games.com/pc_games/Candleman:_The_Complete_Journey.html
389,Homeworld: Deserts of Kharak,8.48 GB,https://www.wifi4games.com/pc_games/Homeworld:_Deserts_of_Kharak.html
390,Half-Life 2,2.77 GB,https://www.wifi4games.com/pc_games/Half-Life_2.html
391,Prison Architect Island Bound,1.03 GB,https://www.wifi4games.com/pc_games/Prison_Architect.html
392,Terraria,189 MB,https://www.wifi4games.com/pc_games/Terraria.html
393,SpongeBob SquarePants,3.31 GB,https://www.wifi4games.com/pc_games/SpongeBob_SquarePants.html
394,no man's sky,8.6 GB,https://www.wifi4games.com/pc_games/no_man's_sky.html
395,Beyond Two Souls,37.6 GB,https://www.wifi4games.com/pc_games/Beyond_Two_Souls.html
396,Desperados III,8.05 GB,https://www.wifi4games.com/pc_games/Desperados_III.html
397,Detroit: Become Human,50.5 GB,https://www.wifi4games.com/pc_games/Detroit:_Become_Human.html
398,Red Alert,20.1 GB,https://www.wifi4games.com/pc_games/Command_and_Conquer.html
399,Dawn of Fear,1.84 GB,https://www.wifi4games.com/pc_games/Dawn_of_Fear.html
400,disney classic games aladdin and the lion king,1.77 GB,https://www.wifi4games.com/pc_games/disney_classic_games_aladdin_and_the_lion_king.html
401,Ravenfield,1.02 GB,https://www.wifi4games.com/pc_games/Ravenfield.html
402,Poly Bridge 2,317 MB,https://www.wifi4games.com/pc_games/Poly_Bridge_2.html
403,Bus Simulator 18,3.71 GB,https://www.wifi4games.com/pc_games/Bus_Simulator_18.html
404,Prey Digital Deluxe Edition,40 GB,https://www.wifi4games.com/pc_games/Prey_Digital_Deluxe_Edition.html
405,Before We Leave,498 MB,https://www.wifi4games.com/pc_games/Before_We_Leave.html
406,Risen 3 Titan Lords,6.38 GB,https://www.wifi4games.com/pc_games/Risen_3_Titan_Lords.html
407,SnowRunner,8.93 GB,https://www.wifi4games.com/pc_games/SnowRunner.html
408,Streets of Rage 4,4.4 GB,https://www.wifi4games.com/pc_games/Streets_of_Rage_4.html
409,Phoenix Point Blood and Titanium,13.7 GB,https://www.wifi4games.com/pc_games/Phoenix_Point_Blood_and_Titanium.html
410,Train Station Renovation,2.08 GB,https://www.wifi4games.com/pc_games/Train_Station_Renovation.html
411,One Piece: Pirate Warriors 4,19.9 GB,https://www.wifi4games.com/pc_games/One_Piece:_Pirate_Warriors_4.html
412,Bad North,138 MB,https://www.wifi4games.com/pc_games/Bad_North.html
413,Black Mesa,13.2 GB,https://www.wifi4games.com/pc_games/Black_Mesa_24.html
414,Drug Dealer Simulator,6.28 GB,https://www.wifi4games.com/pc_games/Drug_Dealer_Simulator.html
415,Green Hell,6.09 GB,https://www.wifi4games.com/pc_games/Green_Hell.html
416,PixARK Skyward,2.51 GB,https://www.wifi4games.com/pc_games/PixARK_Skyward.html
417,DOOM Eternal,36.6 GB,https://www.wifi4games.com/pc_games/DOOM_Eternal.html
418,My Hero Ones Justice 2,7.34 GB,https://www.wifi4games.com/pc_games/My_Hero_Ones_Justice_2.html
419,Katana ZERO,173 MB,https://www.wifi4games.com/pc_games/_64.html
420,Ori and the Will of the Wisps,5.02 GB,https://www.wifi4games.com/pc_games/Ori_and_the_Will_of_the_Wisps.html
421,one punch man a hero nobody knows,6.62 GB,https://www.wifi4games.com/pc_games/one_punch_man_a_hero_nobody_knows.html
422,The Sinking City,15.7 GB,https://www.wifi4games.com/pc_games/The_Sinking_City.html
423,Cold Waters,828 MB,https://www.wifi4games.com/pc_games/Cold_Waters.html
424,Submersed,796 MB,https://www.wifi4games.com/pc_games/Submersed.html
425,Pine,2.46 GB,https://www.wifi4games.com/pc_games/Pine.html
426,Asterix & Obelix XXL 3 - The Crystal Menhir,1.04 GB,https://www.wifi4games.com/pc_games/Asterix__Obelix_XXL_3_-_The_Crystal_Menhir.html
427,Commandos 2 HD Remaster,2.88 GB,https://www.wifi4games.com/pc_games/Commandos_2_HD_Remaster.html
428,Dragon Ball Z Kakarot,30.7 GB,https://www.wifi4games.com/pc_games/Dragon_Ball_Z_Kakarot.html
429,Wargame: Red Dragon,19.5 GB,https://www.wifi4games.com/pc_games/Wargame:_Red_Dragon.html
430,Human Simulator,1.46 GB,https://www.wifi4games.com/pc_games/Human_Simulator.html
431,The Witcher 3 Wild Hunt,33.1 GB,https://www.wifi4games.com/pc_games/The_Witcher_3.html
432,Sid Meier's Civilization VI,7.64 GB,https://www.wifi4games.com/pc_games/Sid_Meier's_Civilization_VI.html
433,Need for Speed: Heat,21.5 GB,https://www.wifi4games.com/pc_games/Need_for_Speed:_Heat.html
434,x4 foundations,9.33 GB,https://www.wifi4games.com/pc_games/x4_foundations.html
435,Baba Is You,104 MB,https://www.wifi4games.com/pc_games/Baba_Is_You.html
436,Gym Simulator,2.24 GB,https://www.wifi4games.com/pc_games/Gym_Simulator.html
437,automation empire,1.85 GB,https://www.wifi4games.com/pc_games/automation_empire.html
438,GRID Hot Hatch Showdown,51.9 GB,https://www.wifi4games.com/pc_games/GRID_Hot_Hatch_Showdown.html
439,Halo: Reach,19.1 GB,https://www.wifi4games.com/pc_games/Halo:_Reach.html
440,Moons of Madness,8.16 GB,https://www.wifi4games.com/pc_games/Moons_of_Madness.html
441,Heavy Rain,29.2 GB,https://www.wifi4games.com/pc_games/Heavy_Rain.html
442,Sniper Ghost Warrior Contracts,11.2 GB,https://www.wifi4games.com/pc_games/Sniper_Ghost_Warrior_Contracts.html
443,Star Wars Jedi Fallen Order,52.4 GB,https://www.wifi4games.com/pc_games/Star_Wars_Jedi_Fallen_Order.html
444,Internet Cafe Simulator,1.34 GB,https://www.wifi4games.com/pc_games/Internet_Cafe_Simulator.html
445,Terminator Resistance,14.9 GB,https://www.wifi4games.com/pc_games/Terminator_Resistance.html
446,Age of Empires II: Definitive Edition,29.3 GB,https://www.wifi4games.com/pc_games/Age_of_Empires_II:_Definitive_Edition.html
447,Rune II,21.7 GB,https://www.wifi4games.com/pc_games/Rune_II.html
448,JUMANJI,2.14 GB,https://www.wifi4games.com/pc_games/JUMANJI.html
449,DiRT Rally 2.0,86 GB,https://www.wifi4games.com/pc_games/DiRT_Rally_2.0.html
450,Borderlands 3,57.4 GB,https://www.wifi4games.com/pc_games/Borderlands_3.html
451,gta 5,36.1 GB,https://www.wifi4games.com/pc_games/Grand_Theft_Auto_V.html
452,The Outer Worlds,36.4 GB,https://www.wifi4games.com/pc_games/The_Outer_Worlds.html
453,WWE 2K20,45.1 GB,https://www.wifi4games.com/pc_games/WWE_2K20.html
454,Steel Division 2 Death on the Vistula,46 GB,https://www.wifi4games.com/pc_games/Steel_Division_2_Death_on_the_Vistula.html
455,Agents of Mayhem,22.5 GB,https://www.wifi4games.com/pc_games/Agents_of_Mayhem.html
456,john wick hex,413 MB,https://www.wifi4games.com/pc_games/john_wick_hex.html
457,Code Vein,30.1 GB,https://www.wifi4games.com/pc_games/Code_Vein.html
458,Untitled Goose Game,300 MB,https://www.wifi4games.com/pc_games/Untitled_Goose_Game.html
459,Mutant Year Zero Road To Eden,5.57 GB,https://www.wifi4games.com/pc_games/Mutant_Year_Zero_Road_To_Eden.html
460,Gears 5,58.1 GB,https://www.wifi4games.com/pc_games/Gears_5.html
461,God Eater 3,19.7 GB,https://www.wifi4games.com/pc_games/God_Eater_3.html
462,A Plague Tale Innocence,33.8 GB,https://www.wifi4games.com/pc_games/A_Plague_Tale_Innocence.html
463,The Dark Pictures Anthology - Man of Medan,30 GB,https://www.wifi4games.com/pc_games/The_Dark_Pictures_Anthology_-_Man_of_Medan.html
464,tropico 6,7.46 GB,https://www.wifi4games.com/pc_games/tropico_6.html
465,Ancestors: The Humankind Odyssey,8.47 GB,https://www.wifi4games.com/pc_games/Ancestors:_The_Humankind_Odyssey.html
466,Spyro Reignited Trilogy,37.6 GB,https://www.wifi4games.com/pc_games/Spyro_Reignited_Trilogy.html
467,Control,20.8 GB,https://www.wifi4games.com/pc_games/Control.html
468,Call of Duty: Advanced Warfare,34.21 GB,https://www.wifi4games.com/pc_games/Call_of_Duty:_Advanced_Warfare.html
469,Hollow Knight Godmaster,2.03 GB,https://www.wifi4games.com/pc_games/Hollow_Knight_Godmaster.html
470,Earthfall Invasion,10.3 GB,https://www.wifi4games.com/pc_games/Earthfall_Invasion.html
471,Total War: Three Kingdoms,27.5 GB,https://www.wifi4games.com/pc_games/Total_War:_Three_Kingdoms.html
472,Infliction,4.86 GB,https://www.wifi4games.com/pc_games/Infliction.html
473,My Friend Pedro,1.67 GB,https://www.wifi4games.com/pc_games/My_Friend_Pedro.html
474,Star Wars Battlefront II,70 GB,https://www.wifi4games.com/pc_games/Star_Wars_Battlefront_II.html
475,INSOMNIA: The Ark,13 GB,https://www.wifi4games.com/pc_games/INSOMNIA:_The_Ark.html
476,RDS The Official Drift Videogame,1.78 GB,https://www.wifi4games.com/pc_games/RDS_The_Official_Drift_Videogame.html
477,Overcooked 2,4.41 GB,https://www.wifi4games.com/pc_games/Overcooked_2.html
478,Bright Memory,3.77 GB,https://www.wifi4games.com/pc_games/Bright_Memory.html
479,journey,1.4 GB,https://www.wifi4games.com/pc_games/journey.html
480,CALL OF CTHULHU,11.6 GB,https://www.wifi4games.com/pc_games/CALL_OF_CTHULHU.html
481,Rage 2,29.8 GB,https://www.wifi4games.com/pc_games/Rage_2.html
482,Planet Nomads Razor,1.76 GB,https://www.wifi4games.com/pc_games/Planet_Nomads_Razor.html
483,Mordhau,10.1 GB,https://www.wifi4games.com/pc_games/Mordhau.html
484,World War Z,22 GB,https://www.wifi4games.com/pc_games/World_War_Z.html
485,Thief Simulator,3.63 GB,https://www.wifi4games.com/pc_games/Thief_Simulator.html
486,Assassin’s Creed III Remastered,29.4 GB,https://www.wifi4games.com/pc_games/Assassin’s_Creed_III_Remastered.html
487,Sekiro: Shadows Die Twice,14.1 GB,https://www.wifi4games.com/pc_games/Sekiro:_Shadows_Die_Twice.html
488,Devil May Cry 5,36.7 GB,https://www.wifi4games.com/pc_games/Devil_May_Cry_5_93.html
489,Crackdown 3,20.8 GB,https://www.wifi4games.com/pc_games/Crackdown_3.html
490,Far Cry New Dawn,34.5 GB,https://www.wifi4games.com/pc_games/Far_Cry_New_Dawn.html
491,Metro Exodus,45.2 GB,https://www.wifi4games.com/pc_games/Metro_Exodus.html
492,Ace Combat 7: Skies Unknown,34.6 GB,https://www.wifi4games.com/pc_games/Ace_Combat_7:_Skies_Unknown.html
493,Jump Force,13.5 GB,https://www.wifi4games.com/pc_games/Jump_Force.html
494,Resident Evil 2,22 GB,https://www.wifi4games.com/pc_games/Resident_Evil_2.html
495,Dragon Ball Xenoverse 2 Season Pass,14.2 GB,https://www.wifi4games.com/pc_games/dragon-ball-xenoverse-2.html
496,PC Building Simulator,3.73 GB,https://www.wifi4games.com/pc_games/PC_Building_Simulator.html
497,startup company,193 MB,https://www.wifi4games.com/pc_games/startup_company.html
498,Resident Evil: Revelations 2,9.42 GB,https://www.wifi4games.com/pc_games/Resident_Evil:_Revelations_2.html
499,Strange Brigade,27.2 GB,https://www.wifi4games.com/pc_games/Strange_Brigade.html
500,What Remains of Edith Finch,2.42 GB,https://www.wifi4games.com/pc_games/What_Remains_of_Edith_Finch.html
501,Monster Hunter World,19.3 GB,https://www.wifi4games.com/pc_games/Monster_Hunter_World.html
502,Dead Rising 4,51.9 GB,https://www.wifi4games.com/pc_games/Dead_Rising_4.html
503,Farming Simulator 19,6.14 GB,https://www.wifi4games.com/pc_games/Farming_Simulator_19.html
504,Battlefield 5,46.5 GB,https://www.wifi4games.com/pc_games/Battlefield_5.html
505,Just Cause 4,49.3 GB,https://www.wifi4games.com/pc_games/Just_Cause_4.html
506,FIFA 2019,42.5 GB,https://www.wifi4games.com/pc_games/FIFA_2019.html
507,Darksiders III,18.3 GB,https://www.wifi4games.com/pc_games/Darksiders_III.html
508,PRO EVOLUTION SOCCER 2019,24.9 GB,https://www.wifi4games.com/pc_games/PES_2019.html
509,shadow of the tomb raider,28.4 GB,https://www.wifi4games.com/pc_games/shadow_of_the_tomb_raider.html
510,A Way Out,20.7 GB,https://www.wifi4games.com/pc_games/A_Way_Out.html
511,HITMAN 2 GoldEdition,35.2 GB,https://www.wifi4games.com/pc_games/HITMAN_2_GoldEdition.html
512,Overkill's The Walking Dead,21.1 GB,https://www.wifi4games.com/pc_games/Overkill's_The_Walking_Dead.html
513,assassins creed odyssey,49.2 GB,https://www.wifi4games.com/pc_games/assassins_creed_odyssey.html
514,Frostpunk,5.7 GB,https://www.wifi4games.com/pc_games/Frostpunk.html
515,WWE 2K19,42.6 GB,https://www.wifi4games.com/pc_games/WWE_2K19.html
516,Jurassic World Evolution,4.64 GB,https://www.wifi4games.com/pc_games/Jurassic_World_Evolution.html
517,Injustice 2,47 GB,https://www.wifi4games.com/pc_games/Injustice_2.html
518,UNRAVEL TWO,5.04 GB,https://www.wifi4games.com/pc_games/UNRAVEL_TWO.html
519,NARUTO TO BORUTO: SHINOBI STRIKER,9.68 GB,https://www.wifi4games.com/pc_games/NARUTO_TO_BORUTO:_SHINOBI_STRIKER.html
520,Divinity: Original Sin 2,44.5 GB,https://www.wifi4games.com/pc_games/Divinity:_Original_Sin_2.html
521,Wreckfest,11.8 GB,https://www.wifi4games.com/pc_games/Wreckfest.html
522,ReCore,14.1 GB,https://www.wifi4games.com/pc_games/ReCore.html
523,don't play with dolls,1.03 GB,https://www.wifi4games.com/pc_games/don't_play_with_dolls.html
524,Fishing: Barents Sea,4.85 GB,https://www.wifi4games.com/pc_games/Fishing:_Barents_Sea.html
525,Crash Bandicoot N. Sane Trilogy,25.1 GB,https://www.wifi4games.com/pc_games/Crash_Bandicoot_N._Sane_Trilogy.html
526,Gang Beasts,559 MB,https://www.wifi4games.com/pc_games/Gang_Beasts.html
527,Forza Horizon 3,59.8 GB,https://www.wifi4games.com/pc_games/Forza_Horizon_3.html
528,Vampyr,13.9 GB,https://www.wifi4games.com/pc_games/Vampyr.html
529,Agony,12.4 GB,https://www.wifi4games.com/pc_games/Agony.html
530,bendy and the ink machine,1.84 GB,https://www.wifi4games.com/pc_games/bendy_and_the_ink_machine.html
531,Need for Speed Rivals,7.11 GB,https://www.wifi4games.com/pc_games/Need_for_Speed_Rivals.html
532,The Forest,2.14 GB,https://www.wifi4games.com/pc_games/The_Forest.html
533,Freeman: Guerrilla Warfare,3.14 GB,https://www.wifi4games.com/pc_games/Freeman:_Guerrilla_Warfare.html
534,solo,428 MB,https://www.wifi4games.com/pc_games/solo.html
535,Far Cry 5,38.7 GB,https://www.wifi4games.com/pc_games/Far_Cry_5.html
536,TheHunter Call of the Wild New Species 2018,13.2 GB,https://www.wifi4games.com/pc_games/TheHunter_Call_of_the_Wild_New_Species_2018.html
537,extinction,2.08 GB,https://www.wifi4games.com/pc_games/extinction.html
538,Q.U.B.E.2,3.23 GB,https://www.wifi4games.com/pc_games/Q.U.B.E.2.html
539,Attack on Titan 2,21.7 GB,https://www.wifi4games.com/pc_games/Attack_on_Titan_2.html
540,Minecraft,163 MB,https://www.wifi4games.com/pc_games/Minecraft.html
541,final fantasy xv,75.3 GB,https://www.wifi4games.com/pc_games/final_fantasy_xv.html
542,Need for Speed Payback,20.7 GB,https://www.wifi4games.com/pc_games/Need_for_Speed_Payback.html
543,Serious Sam HD The First Encounter,3.82 GB,https://www.wifi4games.com/pc_games/Serious_Sam_HD_The_First_Encounter.html
544,Drift Zone,556 MB,https://www.wifi4games.com/pc_games/Drift_Zone.html
545,Abo Khashem,1.45 GB,https://www.wifi4games.com/pc_games/Abo_Khashem.html
546,Subnautica,6.35 GB,https://www.wifi4games.com/pc_games/Subnautica.html
547,Age of Empires: Definitive Edition Buy,9.28 GB,https://www.wifi4games.com/pc_games/Age_of_Empires:_Definitive_Edition_Buy.html
548,moto racer 4 sliced peak,4.11 GB,https://www.wifi4games.com/pc_games/moto_racer_4_sliced_peak.html
549,Kingdom Come: Deliverance,31.3 GB,https://www.wifi4games.com/pc_games/Kingdom_Come:_Deliverance.html
550,prototype 2,8.43 GB,https://www.wifi4games.com/pc_games/prototype2.html
551,Osiris: New Dawn,5.52 GB,https://www.wifi4games.com/pc_games/Osiris:_New_Dawn.html
552,Assassin's Creed Origins,43.6 GB,https://www.wifi4games.com/pc_games/Assassin's_Creed_Origins.html
553,Age of Empire 2,149 MB,https://www.wifi4games.com/pc_games/Age_of_Empire_2.html
554,RESCUE 2: Everyday Heroes,444 MB,https://www.wifi4games.com/pc_games/RESCUE_2:_Everyday_Heroes.html
555,Sonic Forces,15.3 GB,https://www.wifi4games.com/pc_games/Sonic_Forces.html
556,Farmers Dynasty,2.91 GB,https://www.wifi4games.com/pc_games/Farmers_Dynasty.html
557,sky ball,649 MB,https://www.wifi4games.com/pc_games/sky_ball.html
558,Rise Of Nations,1.14 GB,https://www.wifi4games.com/pc_games/Rise_Of_Nations.html
559,Flying Tigers: Shadows Over China,2.22 GB,https://www.wifi4games.com/pc_games/Flying_Tigers:_Shadows_Over_China.html
560,back to the egg,494 MB,https://www.wifi4games.com/pc_games/back_to_the_egg.html
561,911 Operator Every Life Matters,429 MB,https://www.wifi4games.com/pc_games/911_Operator_Every_Life_Matters.html
562,Tank Warfare: Tunisia 1943,7.4 GB,https://www.wifi4games.com/pc_games/Tank_Warfare:_Tunisia_1943.html
563,IL-2 Sturmovik: Cliffs of Dover Blitz,6.22 GB,https://www.wifi4games.com/pc_games/IL-2_Sturmovik:_Cliffs_of_Dover_Blitz.html
564,Teenage Mutant Ninja Turtles Portal Power,563 MB,https://www.wifi4games.com/pc_games/Teenage_Mutant_Ninja_Turtles_Portal_Power.html
565,The Day After : Origins,4.06 GB,https://www.wifi4games.com/pc_games/The_Day_After_:_Origins.html
566,Soldiers of the Universe,8.5 GB,https://www.wifi4games.com/pc_games/Soldiers_of_the_Universe.html
567,Autobahn Police Simulator 2,5.37 GB,https://www.wifi4games.com/pc_games/Autobahn_Police_Simulator_2.html
568,Getting Over It with bennett foddy,651 MB,https://www.wifi4games.com/pc_games/Getting_Over_It_with_bennett_foddy.html
569,Total War Rome II Emperor Edition,8.11 GB,https://www.wifi4games.com/pc_games/Total_War_Rome_II_Emperor_Edition.html
570,Black Mirror V,5.32 GB,https://www.wifi4games.com/pc_games/Black_Mirror.html
571,Metal gear Solid V :The Phantom Pain,26.6 GB,https://www.wifi4games.com/pc_games/Metal_gear_Solid_V_:The_Phantom_Pain.html
572,operation flashpoint red river,4.36 GB,https://www.wifi4games.com/pc_games/operation_flashpoint_red_river.html
573,Radline Quarantine,7.47 GB,https://www.wifi4games.com/pc_games/Radline_Quarantine.html
574,Hollow,2.48 GB,https://www.wifi4games.com/pc_games/Hollow.html
575,Farming Simulator 17,6.24 GB,https://www.wifi4games.com/pc_games/Farming_Simulator_17.html
576,Dragon Age Inquisition,41.5 GB,https://www.wifi4games.com/pc_games/Dragon_Age_Inquisition.html
577,Call of Duty: WWII,36.3 GB,https://www.wifi4games.com/pc_games/Call_of_Duty:_WWII.html
578,The Evil Within 2,30.1 GB,https://www.wifi4games.com/pc_games/The_Evil_Within_2.html
579,Downward,6.1 GB,https://www.wifi4games.com/pc_games/Downward.html
580,Heliborne,3.15 GB,https://www.wifi4games.com/pc_games/Heliborne.html
581,WWE 2K18,39.76 GB,https://www.wifi4games.com/pc_games/WWE_2K18.html
582,pro 2018,21.1 GB,https://www.wifi4games.com/pc_games/Pro_Evolution_Soccer_2018.html
583,FIFA 2018,30.8 GB,https://www.wifi4games.com/pc_games/FIFA_2018.html
584,Middle Earth Shadow Of War,95.4 GB,https://www.wifi4games.com/pc_games/Middle_Earth_Shadow_Of_War.html
585,Immortal Redneck Infinite Tower,1.81 GB,https://www.wifi4games.com/pc_games/Immortal_Redneck_Infinite_Tower.html
586,Total War: Warhammer II,25.6 GB,https://www.wifi4games.com/pc_games/Total_War:_Warhammer_II.html
587,Road Redemption,3.61 GB,https://www.wifi4games.com/pc_games/Road_Redemption_48.html
588,cuphead,1.98 GB,https://www.wifi4games.com/pc_games/cuphead.html
589,project cars 2,40 GB,https://www.wifi4games.com/pc_games/project_cars_2.html
590,Dishonored: Death of the Outsider,28.7 GB,https://www.wifi4games.com/pc_games/Dishonored:_Death_of_the_Outsider.html
591,F1 2017,28.2 GB,https://www.wifi4games.com/pc_games/F1_2017.html
592,Battlefield 3,13.47 GB,https://www.wifi4games.com/pc_games/3_Battlefield.html
593,2 The Escapists,1.04 GB,https://www.wifi4games.com/pc_games/2_The_Escapists.html
594,The Escapists,42 MB,https://www.wifi4games.com/pc_games/The_Escapists.html
595,Sonic Mania,319 MB,https://www.wifi4games.com/pc_games/Sonic_Mania.html
596,Project Remedium,3.04 GB,https://www.wifi4games.com/pc_games/Project_Remedium.html
597,Absolver,4.08 GB,https://www.wifi4games.com/pc_games/Absolver.html
598,Rock of Ages 2: Bigger & Boulder,4.31 GB,https://www.wifi4games.com/pc_games/Rock_of_Ages_2:_Bigger__Boulder.html
599,Ark Survival Evolved,28 GB,https://www.wifi4games.com/pc_games/Ark_Survival_frown.html
600,Pro Evolution Soccer 2016,4.79 GB,https://www.wifi4games.com/pc_games/Pro_Evolution_Soccer_2016.html
601,professional farmer 2017,1.6 GB,https://www.wifi4games.com/pc_games/professional_farmer_2017.html
602,Assassin's Creed Rogue,7.7 GB,https://www.wifi4games.com/pc_games/ASSASSIN’S_CREED_ROGUE.html
603,pes 11,4.7 GB,https://www.wifi4games.com/pc_games/Pro_Evolution_Soccer_2011.html
604,fifa012,2.24 GB,https://www.wifi4games.com/pc_games/Fifa_12.html
605,Hunting Simulator,5.73 GB,https://www.wifi4games.com/pc_games/Hunting_Simulator.html
606,One Piece Burning Blood,8.7 GB,https://www.wifi4games.com/pc_games/One_Piece_Burning_Blood.html
607,Youtubers Life,623 MB,https://www.wifi4games.com/pc_games/Youtubers_Life.html
608,Sudden Strike 4,4.6 GB,https://www.wifi4games.com/pc_games/Sudden_Strike_4.html
609,Hellblade,12.8 GB,https://www.wifi4games.com/pc_games/Hellblade_Senua_s_Sacrifice.html
610,Car Mechanic Simulator 2018,9.23 GB,https://www.wifi4games.com/pc_games/Car_Mechanic_Simulator_2018.html
611,Jalopy,220 MB,https://www.wifi4games.com/pc_games/Jalopy.html
612,Ghost Recon,56.4 GB,https://www.wifi4games.com/pc_games/Ghost_Recon.html
613,LEGO MARVEL Avengers,13 GB,https://www.wifi4games.com/pc_games/LEGO_MARVEL_Avengers.html
614,Titanfall 2,42 GB,https://www.wifi4games.com/pc_games/Titanfall_2.html
615,FIFA17,34.1 GB,https://www.wifi4games.com/pc_games/fifa.html
616,ABZU,1.01 GB,https://www.wifi4games.com/pc_games/ABZU.html
617,RIME,7.36 GB,https://www.wifi4games.com/pc_games/RiME.html
618,ARMA 3,8.2 GB,https://www.wifi4games.com/pc_games/ARMA_3.html
619,Unravel,2.47 GB,https://www.wifi4games.com/pc_games/Unravel.html
620,sniper:elite 4,25.2 GB,https://www.wifi4games.com/pc_games/sniper_elite_4.html
621,Hearts Of Iron:IV,981 MB,https://www.wifi4games.com/pc_games/Hearts_Of_Iron_IV.html
622,Zulu Response,1.9 GB,https://www.wifi4games.com/pc_games/Zulu_Response.html
623,tekken,33.5 GB,https://www.wifi4games.com/pc_games/Tekken_7.html
624,Portal 2,4.5 GB,https://www.wifi4games.com/pc_games/Portal_2.html
625,Sniper Ghost Warrior 3,42.5 GB,https://www.wifi4games.com/pc_games/Sniper_Ghost_Warrior_3.html
626,Ori And The Blind Forest,4 GB,https://www.wifi4games.com/pc_games/Ori_And_The_Blind_Forest_Definitive.html
627,Outlast II,20.7 GB,https://www.wifi4games.com/pc_games/Outlast_II.html
628,Northgard,332 MB,https://www.wifi4games.com/pc_games/Northgard.html
629,Homefront,57 GB,https://www.wifi4games.com/pc_games/Homefront_30.html
630,mario,18 MB,https://www.wifi4games.com/pc_games/Mario_For_ever.html
631,Bus simulator 2016,1.5 GB,https://www.wifi4games.com/pc_games/Bus_simulator_2016.html
632,PINK PANTHER,14 MB,https://www.wifi4games.com/pc_games/PINK_PANTHER.html
633,next car game,1 GB,https://www.wifi4games.com/pc_games/next_car_game.html
634,Resident Evil 7,20.4 GB,https://www.wifi4games.com/pc_games/Resident_Evil_7.html
635,Crazy Taxi,134 MB,https://www.wifi4games.com/pc_games/Crazy_Taxi.html
636,Mass Effect Andromeda,47.8 GB,https://www.wifi4games.com/pc_games/Mass_Effect_Andromeda.html
637,Just Cause 3,46.6 GB,https://www.wifi4games.com/pc_games/Just_Cause_3.html
638,Battlefield 1,38 GB,https://www.wifi4games.com/pc_games/Battlefield_1.html
639,C&C Generals Zero Hour,1.86 GB,https://www.wifi4games.com/pc_games/Generals.html
640,Alien Rage,1.65 GB,https://www.wifi4games.com/pc_games/Alien_Rage.html
641,Watch Dogs 2,21 GB,https://www.wifi4games.com/pc_games/Watch_Dogs_2.html
642,WWE 2K17,43.8 GB,https://www.wifi4games.com/pc_games/WWE_2K17.html
643,60 seconds,247 MB,https://www.wifi4games.com/pc_games/60_seconds.html
644,Layers OF Fear,1.83 GB,https://www.wifi4games.com/pc_games/layers_of_fear.html
645,Need For Speed The Run,4.64 GB,https://www.wifi4games.com/pc_games/Need_For_Speed_The_Run.html
646,fifa2015,6.85 GB,https://www.wifi4games.com/pc_games/fifa_15.html
647,Sherlock Holmes,11.6 GB,https://www.wifi4games.com/pc_games/Sherlock_Holmes.html
648,Little Nightmares,2.38 GB,https://www.wifi4games.com/pc_games/Little_Nightmares.html
649,Need for Speed,1.12 GB,https://www.wifi4games.com/pc_games/Need_for_Speed_UnderGround_2.html
650,Rainbow Six Siege,12 GB,https://www.wifi4games.com/pc_games/Tom_Clancy’s_Rainbow_Six_Siege.html
651,snake,1.64 GB,https://www.wifi4games.com/pc_games/Snake_Pass.html
652,the legend of zelda breath of the wild,10.4 GB,https://www.wifi4games.com/pc_games/zelda.html
653,Assassin's Creed Revelations,4.39 GB,https://www.wifi4games.com/pc_games/Assassin's_Creed_Revelations.html
654,Infinite Tanks,2 GB,https://www.wifi4games.com/pc_games/Infinite_Tanks.html
655,cities skylines,1.13 GB,https://www.wifi4games.com/pc_games/Cities_Skylines.html
656,2016 HitMan,22 GB,https://www.wifi4games.com/pc_games/HitMan_67.html
657,Middle earth Shadow of Mordor,31.3 GB,https://www.wifi4games.com/pc_games/Shadow_of_Mordor.html
658,Styx Shards of Darkness,10.2 GB,https://www.wifi4games.com/pc_games/Styx_Shards_of_Darkness.html
659,Mass Effect 3,12.5 GB,https://www.wifi4games.com/pc_games/Mass_Effect_3.html
660,Mass Effect 2,10.6 GB,https://www.wifi4games.com/pc_games/Mass_Effect_2.html
661,Mass Effect,7.17 GB,https://www.wifi4games.com/pc_games/Mass_Effect.html
662,Cluster Truck,255 MB,https://www.wifi4games.com/pc_games/Cluster_Truck.html
663,King Of Dirt,411 MB,https://www.wifi4games.com/pc_games/King_Of_Dirt.html
664,Attack On Titan Wings Of Freedom,10 GB,https://www.wifi4games.com/pc_games/attack_on_titan.html
665,2017,52.8 GB,https://www.wifi4games.com/pc_games/NBA_2k17.html
666,Syrian War,3.62 GB,https://www.wifi4games.com/pc_games/Syrian_Warfare.html
667,Hitman Absolution Professional Edition,9.84 GB,https://www.wifi4games.com/pc_games/Hitman_Absolution_Professional_Edition.html
668,Saints Row,4.46 GB,https://www.wifi4games.com/pc_games/SAINTS_ROW:_GAT_OUT_OF_HELL.html
669,Tiberium Wars,8.5 GB,https://www.wifi4games.com/pc_games/Command_and_Conquer_3_Tiberium_Wars.html
670,2015,20 GB,https://www.wifi4games.com/pc_games/WWE_2K15.html
671,A Story About My Uncle,733 MB,https://www.wifi4games.com/pc_games/A_Story_About_My_Uncle.html
672,Assassin's Creed II,5.19 GB,https://www.wifi4games.com/pc_games/Assassin's_Creed_II.html
673,Winexy,1 GB,https://www.wifi4games.com/pc_games/Winexy.html
674,Husk,11.7 GB,https://www.wifi4games.com/pc_games/husk.html
675,subway,20 MB,https://www.wifi4games.com/pc_games/subway_surfers.html
676,Farcry,14 GB,https://www.wifi4games.com/pc_games/Far_Cry_Primal.html
677,Rayman Legends,3.91 GB,https://www.wifi4games.com/pc_games/rayman_legends.html
678,Rayman Origins,2.18 GB,https://www.wifi4games.com/pc_games/Rayman_Origins.html
679,castlevania,4.47 GB,https://www.wifi4games.com/pc_games/castlevania_lords_of_shadow.html
680,Aqua Moto Racing Utopia,3.78 GB,https://www.wifi4games.com/pc_games/Aqua_Moto_Racing_Utopia.html
681,Anno,11 GB,https://www.wifi4games.com/pc_games/Anno_2205_1.html
682,my summer car,263 MB,https://www.wifi4games.com/pc_games/my_summer_car.html
683,reconquest,530 MB,https://www.wifi4games.com/pc_games/reconquest.html
684,shadow warrior 2,13.4 GB,https://www.wifi4games.com/pc_games/shadow_warrior_2.html
685,shadow warrior 1,4.81 GB,https://www.wifi4games.com/pc_games/shadow_warrior.html
686,Call Of Duty Modern Warfare Remastered,37 GB,https://www.wifi4games.com/pc_games/Call_Of_Duty_Modern_Warfare_Remastered.html
687,Legacy of the Duelist,727 MB,https://www.wifi4games.com/pc_games/Yu-Gi-Oh!_Legacy_of_the_Duelist.html
688,Planet,1.4 GB,https://www.wifi4games.com/pc_games/PlanetCoaster.html
689,Hello Neighbor Alpha,900 MB,https://www.wifi4games.com/pc_games/Hello_Neighbor_Alpha.html
690,crysis 3,11.09 GB,https://www.wifi4games.com/pc_games/crysis_3.html
691,7Days To Die,600 MB,https://www.wifi4games.com/pc_games/7_Days_To_Die.html
692,Killing Floor 2,17.5 GB,https://www.wifi4games.com/pc_games/killing_floor_2.html
693,35mm,1.25 GB,https://www.wifi4games.com/pc_games/35mm.html
694,Assassin Creed Black Flag,5.3 GB,https://www.wifi4games.com/pc_games/Assassin_Creed_Black_Flag.html
695,Left 4 Dead,3.13 GB,https://www.wifi4games.com/pc_games/Left_4_Dead.html
696,Left 4 Dead 2,8 GB,https://www.wifi4games.com/pc_games/Left_4_Dead_2.html
697,arma 2,9.34 GB,https://www.wifi4games.com/pc_games/arma_2.html
698,Car,1.13 GB,https://www.wifi4games.com/pc_games/Car_Mechanic_Simulator_2015.html
699,Happy.Room,80 MB,https://www.wifi4games.com/pc_games/Happy.Room.html
700,DMC4,3.15 GB,https://www.wifi4games.com/pc_games/Devil_may_cry_4.html
701,Sniper Ghost Warrior 2,5.65 GB,https://www.wifi4games.com/pc_games/Sniper_Ghost_Warrior_2.html
702,Infinite Air with Mark McMorris,1.5 GB,https://www.wifi4games.com/pc_games/Infinite_Air_with_Mark_McMorris.html
703,Besiege,160 MB,https://www.wifi4games.com/pc_games/Besiege.html
704,TOD,466 MB,https://www.wifi4games.com/pc_games/Total_Overdose.html
705,mafia iii,40.48 GB,https://www.wifi4games.com/pc_games/mafia_iii.html
706,LIMBO,176 MB,https://www.wifi4games.com/pc_games/LIMBO.html
707,Beholder,500 MB,https://www.wifi4games.com/pc_games/Beholder.html
708,trex,100 MB,https://www.wifi4games.com/pc_games/trex.html
709,valentino rossi the game,17 GB,https://www.wifi4games.com/pc_games/valentino_rossi_the_game.html
710,The Witcher 2,15 GB,https://www.wifi4games.com/pc_games/The_Witcher_2_Assassins_of_Kings.html
711,white night,800 MB,https://www.wifi4games.com/pc_games/white_night.html
712,SUPERHOT,1 GB,https://www.wifi4games.com/pc_games/superhot.html
713,Construction Simulator 2015,787 MB,https://www.wifi4games.com/pc_games/Construction_Simulator_2015.html
714,doom,54.5 GB,https://www.wifi4games.com/pc_games/DOOM_2016.html
715,ARAYA,3.4 GB,https://www.wifi4games.com/pc_games/ARAYA.html
716,stronghold crusader 2,2 GB,https://www.wifi4games.com/pc_games/stronghold_crusader_2.html
717,the sims 3,4.56 GB,https://www.wifi4games.com/pc_games/the_sims_3.html
718,GTA IV,13 GB,https://www.wifi4games.com/pc_games/GTA_IV.html
719,Cities XXL,5.6 GB,https://www.wifi4games.com/pc_games/Cities_XXL.html
720,Scrap Mechanic,281 MB,https://www.wifi4games.com/pc_games/Scrap_Mechanic.html
721,StrongHold 3,3.5 GB,https://www.wifi4games.com/pc_games/StrongHold_3.html
722,Call Of Duty Modern Warfare 3,8 GB,https://www.wifi4games.com/pc_games/Call_Of_Duty_Modern_Warfare_3.html
723,call of duty infinite warfare,63 GB,https://www.wifi4games.com/pc_games/call_of_duty_infinite_warfare.html
724,pes 2017,10 GB,https://www.wifi4games.com/pc_games/pes_2017.html
725,hatred,1.6 GB,https://www.wifi4games.com/pc_games/hatred.html
726,4 Naruto Shippuden Ultimate Ninja Storm,31 GB,https://www.wifi4games.com/pc_games/4_Naruto_Shippuden_Ultimate_Ninja_Storm.html
727,sniper elite v2,2.8 GB,https://www.wifi4games.com/pc_games/sniper_elite_v2.html
728,WormsW.M.D,1.5 GB,https://www.wifi4games.com/pc_games/WormsW.M.D.html
729,chess,1.68 GB,https://www.wifi4games.com/pc_games/pure_chess_grandmaster.html
730,dayz,5.16 GB,https://www.wifi4games.com/pc_games/dayz.html
731,carmageddon max damage,9.26 GB,https://www.wifi4games.com/pc_games/carmageddon_max_damage.html
732,Alice VR,8 GB,https://www.wifi4games.com/pc_games/Alice_VR.html
733,wasteland,2.5 GB,https://www.wifi4games.com/pc_games/wasteland_2_ranger_edition.html
734,mirrors,19 GB,https://www.wifi4games.com/pc_games/Mirror's_Edge_Catalyst.html
735,INSIDE,1.19 GB,https://www.wifi4games.com/pc_games/inside.html
736,Bioshock Remastered,14 GB,https://www.wifi4games.com/pc_games/Bioshock_Remastered.html
737,mortal,35.76 GB,https://www.wifi4games.com/pc_games/mortal_kombat_XL.html
738,Wolfenstein: The Old Blood,34.28 GB,https://www.wifi4games.com/pc_games/Wolfenstein:_The_Old_Blood.html
739,Assassin's Creed: Brotherhood,6.21 GB,https://www.wifi4games.com/pc_games/Assassins_Creed_Brotherhood.html
740,gta vice city,240 MB,https://www.wifi4games.com/pc_games/gta_vice_city.html
741,quantum,42.6 GB,https://www.wifi4games.com/pc_games/Quantum_Break.html
742,batman arkham knight,50 GB,https://www.wifi4games.com/pc_games/batman_arkham_knight.html
743,terminator salvation,6 GB,https://www.wifi4games.com/pc_games/terminator_salvation.html
744,Saints Row The Third,7 GB,https://www.wifi4games.com/pc_games/Saints_Row:_The_Third.html
745,brothers a tale of two sons,1.1 GB,https://www.wifi4games.com/pc_games/brothers_a_tale_of_two_sons.html
746,Dead Rising,13.3 GB,https://www.wifi4games.com/pc_games/Dead_Rising_3.html
747,IGG-Human.Fall.Flat,470 MB,https://www.wifi4games.com/pc_games/IGG-Human.Fall.Flat.html
748,2009,1.3 GB,https://www.wifi4games.com/pc_games/FIFA_2009.html
749,The Chronicles Of Riddick Assault On Dark Athena,6 GB,https://www.wifi4games.com/pc_games/The_Chronicles_Of_Riddick_Assault_On_Dark_Athena.html
750,Slender The Arrival,542 MB,https://www.wifi4games.com/pc_games/Slender_The_Arrival.html
751,Transformers Rise Of The Dark Spark,8.11 GB,https://www.wifi4games.com/pc_games/Transformers_Rise_Of_The_Dark_Spark.html
752,Assassin's creed unity,38 GB,https://www.wifi4games.com/pc_games/Assassin's_creed_unity.html
753,zoo tycoon 2,2.5 GB,https://www.wifi4games.com/pc_games/zoo_tycoon_2.html
754,ride,13 GB,https://www.wifi4games.com/pc_games/RIDE.html
755,firewatch,1.58 GB,https://www.wifi4games.com/pc_games/firewatch_63.html
756,men of war assault squad 2 airborne,2.32 GB,https://www.wifi4games.com/pc_games/men_of_war_assault_squad_2_airborne.html
757,Rise of the Tomb Raider,18 GB,https://www.wifi4games.com/pc_games/Rise_of_the_Tomb_Raider.html
758,fifa 2011,1.1 GB,https://www.wifi4games.com/pc_games/fifa_2011.html
759,Silent Hill 3,2.65 GB,https://www.wifi4games.com/pc_games/Silent_Hill_3.html
760,Lego marvel super Heroes,2.9 GB,https://www.wifi4games.com/pc_games/Lego_marvel_super_Heroes.html
761,Marine Sharpshooter 3,255 MB,https://www.wifi4games.com/pc_games/Marine_Sharpshooter_3.html
762,Manhunt,138 MB,https://www.wifi4games.com/pc_games/Manhunt.html
763,The Elder Scrolls V: Skyrim,5 GB,https://www.wifi4games.com/pc_games/The_Elder_Scrolls_V:_Skyrim.html
764,FIFA 2010,5.19 GB,https://www.wifi4games.com/pc_games/FIFA_2010.html
765,pes9,6 GB,https://www.wifi4games.com/pc_games/pees_2009.html
766,GhostBusters The VideoGame,6 GB,https://www.wifi4games.com/pc_games/GhostBusters_The_VideoGame.html
767,Gun,900 MB,https://www.wifi4games.com/pc_games/Gun.html
768,just cause1,4 GB,https://www.wifi4games.com/pc_games/just_cause1.html
769,Aliens Colonial Marines,4 GB,https://www.wifi4games.com/pc_games/Aliens_Colonial_Marines.html
770,Metal Gear Rising: Revengeance,24 GB,https://www.wifi4games.com/pc_games/Metal_Gear_Rising:_Revengeance.html
771,Dark Siders II,4.8 GB,https://www.wifi4games.com/pc_games/Dark_Siders_II.html
772,Don't Starve: Shipwrecked,800 MB,https://www.wifi4games.com/pc_games/Don't_Starve:_Shipwrecked_28.html
773,Killing Floor,2.8 GB,https://www.wifi4games.com/pc_games/Killing_Floor.html
774,project cars,16 GB,https://www.wifi4games.com/pc_games/project_cars.html
775,Anno 1404,4.2 GB,https://www.wifi4games.com/pc_games/Anno_1404.html
776,football manager 2016,1 GB,https://www.wifi4games.com/pc_games/football_manager_2016.html
777,room 404,2.2 GB,https://www.wifi4games.com/pc_games/room_404.html
778,Ben And Ed,1 GB,https://www.wifi4games.com/pc_games/Ben_And_Ed.html
779,mount and blade warband,500 MB,https://www.wifi4games.com/pc_games/mount__blade_warband.html
780,Resident Evil Umbrella Corps,3.6 GB,https://www.wifi4games.com/pc_games/Resident_Evil_Umbrella_Corps.html
781,Far cry 3 Blood Dragon,1.6 GB,https://www.wifi4games.com/pc_games/Far_cry_3_Blood_Dragon.html
782,Injustice - Gods Among U,13.5 GB,https://www.wifi4games.com/pc_games/Injustice_-_Gods_Among_U.html
783,commando behind enemy lines,58 MB,https://www.wifi4games.com/pc_games/commando_behind_enemy_lines.html
784,Gears Of War,4.19 GB,https://www.wifi4games.com/pc_games/Gears_Of_Wa.html
785,Dark Souls 2,4.15 GB,https://www.wifi4games.com/pc_games/Dark_Souls_II.html
786,Battlefield Vietnam,1.2 GB,https://www.wifi4games.com/pc_games/Battlefield_Vietnam.html
787,Assassin's Creed 1,2.333 GB,https://www.wifi4games.com/pc_games/Assassin'sCreed1.html
788,dead space 1,2.65 GB,https://www.wifi4games.com/pc_games/dead_space_1.html
789,BattleField 4,18.24 GB,https://www.wifi4games.com/pc_games/BattleField_4.html
790,Call of duty Modern Warfare 2,12.54 GB,https://www.wifi4games.com/pc_games/Call_of_duty_Modern_WareFare_2.html
791,Fast & Furious: Showdown,1.71 GB,https://www.wifi4games.com/pc_games/Fast__Furious:_Showdown.html
792,BattleField 2,2.63 GB,https://www.wifi4games.com/pc_games/BattleField_2.html
793,CSS,2 GB,https://www.wifi4games.com/pc_games/Counter-Strike_Source.html
794,Ryse Son Of Rome,18.5 GB,https://www.wifi4games.com/pc_games/Ryse_Son_Of_Rome.html
795,DOOM 3,1.4 GB,https://www.wifi4games.com/pc_games/DOOM_3.html
796,prison break,1 GB,https://www.wifi4games.com/pc_games/prison_break.html
797,The cursed crusade,1.36 GB,https://www.wifi4games.com/pc_games/The_cursed_crusade.html
798,Ace Combat Assault Horizon - Enhanced Edition,5.26 GB,https://www.wifi4games.com/pc_games/Ace_Combat_Assault_Horizon_-_Enhanced_Edition.html
799,warcraft 3 frozen throne,2 GB,https://www.wifi4games.com/pc_games/warcraft_3_frozen_throne_93.html
800,Bound By Flame,4 GB,https://www.wifi4games.com/pc_games/Bound_By_Flame.html
801,Ultimate Spider Man,1 GB,https://www.wifi4games.com/pc_games/Ultimate_Spider_Man.html
802,Surgeon Simulator,1 GB,https://www.wifi4games.com/pc_games/Surgeon_Simulator_2013.html
803,Groovy,1.1 GB,https://www.wifi4games.com/pc_games/Groovy.html
804,Table Top Racing World Tour,1.71 GB,https://www.wifi4games.com/pc_games/Table_Top_Racing_World_Tour.html
805,Gta Egypt Team Revolution,800 MB,https://www.wifi4games.com/pc_games/gta_san_andreas_egypt.html
806,Teenage Mutant Ninja Turtles Mutants in Manhattan,5.7 GB,https://www.wifi4games.com/pc_games/Teenage_Mutant_Ninja_Turtles_Mutants_in_Manhattan.html
807,lost planet 3,9.27 GB,https://www.wifi4games.com/pc_games/lost_planet_3_58.html
808,Among the Sleep,1.1 GB,https://www.wifi4games.com/pc_games/Among_the_Sleep_49.html
809,FARCRY,2.53 GB,https://www.wifi4games.com/pc_games/far_cry_1.html
810,Earn to die 2,170 MB,https://www.wifi4games.com/pc_games/Earn_to_die_2.html
811,Assassin Creed 3,5.27 GB,https://www.wifi4games.com/pc_games/Assassin_Creed_3.html
812,Far Cry 3,4.88 GB,https://www.wifi4games.com/pc_games/Far_Cry_3.html
813,Need For Speed Undercover,4.14 GB,https://www.wifi4games.com/pc_games/Need_For_Speed_Undercover.html
814,Napoleon Total War,15.14 GB,https://www.wifi4games.com/pc_games/Napoleon_Total_War.html
815,Dreadout Keepers Of The Dark,2.52 GB,https://www.wifi4games.com/pc_games/Dreadout_Keepers_Of_The_Dark.html
816,The Matrix Path Of Neo,2.1 GB,https://www.wifi4games.com/pc_games/The_Matrix_Path_Of_Neo.html
817,kane and lynch dead man,7.35 GB,https://www.wifi4games.com/pc_games/kane_and_lynch_dead_man.html
818,TruckMania Turbo,3 GB,https://www.wifi4games.com/pc_games/TruckMania_Turbo.html
819,Assassin's Creed Syndicate,30 GB,https://www.wifi4games.com/pc_games/Assassin's_Creed_Syndicate.html
820,Garry's Mod,2.3 GB,https://www.wifi4games.com/pc_games/Garry's_Mod.html
821,Graviteam Tactics Mius Front 2016,1.22 GB,https://www.wifi4games.com/pc_games/Graviteam_Tactics_Mius_Front_2016.html
822,wolfenstein the new order,38 GB,https://www.wifi4games.com/pc_games/wolfenstein_the_new_order.html
823,Lord of the rings War in the north,4 GB,https://www.wifi4games.com/pc_games/Lord_of_the_rings_War_in_the_north.html
824,The Amazing Spider-Man 2,7.36 GB,https://www.wifi4games.com/pc_games/The_Amazing_Spider-Man_2.html
825,better late than dead,824 MB,https://www.wifi4games.com/pc_games/better_late_than_dead.html
826,NBA 2K15,34 GB,https://www.wifi4games.com/pc_games/NBA_2K15.html
827,The Amazing Spider Man,7.24 GB,https://www.wifi4games.com/pc_games/The_Amazing_Spider_Man.html
828,Street Fighter V,6.33 GB,https://www.wifi4games.com/pc_games/Street_Fighter_V.html
829,Moto gp 15,8.35 GB,https://www.wifi4games.com/pc_games/Moto_gp_15.html
830,Sonic Lost World,6.81 GB,https://www.wifi4games.com/pc_games/Sonic_Lost_World.html
831,Sonic,175 MB,https://www.wifi4games.com/pc_games/Sonic.Adventure.DX.2003.html
832,Splinter Cell Black List,41 GB,https://www.wifi4games.com/pc_games/Splinter_Cell_Black_List.html
833,Hunting Unlimited 2010,563 MB,https://www.wifi4games.com/pc_games/Hunting_Unlimited_2010.html
834,WWE 2K16,40 GB,https://www.wifi4games.com/pc_games/WWE_2K16.html
835,Counter Strike 1.6,254 MB,https://www.wifi4games.com/pc_games/Counter_Strike_1.6.html
836,Hitman 2 silent assassin,182 MB,https://www.wifi4games.com/pc_games/Hitman_2_silent_assassin.html
837,Hitman Contracts,834 MB,https://www.wifi4games.com/pc_games/Hitman_Contracts.html
838,ALEKHINE'S GUN,3.44 GB,https://www.wifi4games.com/pc_games/ALEKHINE'S_GUN.html
839,ihf handball challenge 14,1.15 GB,https://www.wifi4games.com/pc_games/ihf_handball_challenge_14.html
840,Yu-Gi-Oh! Power of Chaos JOEY THE PASSION,592 MB,https://www.wifi4games.com/pc_games/Yu-Gi-Oh!_Power_of_Chaos_JOEY_THE_PASSION.html
841,Dying Light The following Enhanced,18 GB,https://www.wifi4games.com/pc_games/Dying_Light_The_following_Enhanced.html
842,The Dying Light Bozak Horde,12.5 GB,https://www.wifi4games.com/pc_games/The_Dying_Light_Bozak_Horde.html
843,Sniper Elite 3,14.5 GB,https://www.wifi4games.com/pc_games/Sniper_Elite_III.html
844,Tomb Raider Underworld,2.8 GB,https://www.wifi4games.com/pc_games/Tomb_Raider_Underworld.html
845,tomb raider survival edition,6.48 GB,https://www.wifi4games.com/pc_games/tomb_raider_survival_edition.html
846,COD Ghosts,22.84 GB,https://www.wifi4games.com/pc_games/COD_Ghosts.html
847,Medal of Honor 2010,4.31 GB,https://www.wifi4games.com/pc_games/Medal_of_Honor_2010.html
848,blazblue continuum shift Extended,7.99 GB,https://www.wifi4games.com/pc_games/Blazblue.html
849,Medal Of Honor Warfighter,23 GB,https://www.wifi4games.com/pc_games/Medal_Of_Honor_Warfighter.html
850,Far Cry 4,13.29 GB,https://www.wifi4games.com/pc_games/Far_Cry_4.html
851,Medal Of Honor Airborne,3.36 GB,https://www.wifi4games.com/pc_games/Medal_Of_Honor_Airborne.html
852,The God Father 2,6.16 GB,https://www.wifi4games.com/pc_games/The_God_Father_2.html
853,sAW,3.13 GB,https://www.wifi4games.com/pc_games/saw.html
854,Assassin's Creed Chronicles China,2.71 GB,https://www.wifi4games.com/pc_games/Assassins_Creed_Chronicles_China.html
855,just cause 2,2.83 GB,https://www.wifi4games.com/pc_games/just_cause_2.html
856,Mercenaries 2: World in Flames,5.034 GB,https://www.wifi4games.com/pc_games/Mercenaries_2:_World_in_Flames.html
857,Conflict desert storm 2,551 MB,https://www.wifi4games.com/pc_games/Conflict_desert_storm_2.html
858,pes14,3.326 GB,https://www.wifi4games.com/pc_games/Pro_Evolution_Soccer_2014.html
859,MAXPAYNE,662 MB,https://www.wifi4games.com/pc_games/Max_Payne.html
860,Max Payne 2,1 GB,https://www.wifi4games.com/pc_games/Max_Payne_2.html
861,Fifa 2014,4.82 GB,https://www.wifi4games.com/pc_games/Fifa_2014.html
862,Call Of Duty United Offensive,2 GB,https://www.wifi4games.com/pc_games/_29.html
863,Resident Evil Zero HD Remaster,10.11 GB,https://www.wifi4games.com/pc_games/_61.html
864,Mortal Kombat X,21 GB,https://www.wifi4games.com/pc_games/Mortal_Kombat_X.html
865,Call of duty Black Ops 2,17 GB,https://www.wifi4games.com/pc_games/Call_of_duty_Black_Ops_2.html
866,Halo Combat Evolved,600 MB,https://www.wifi4games.com/pc_games/HaloCombatEvolved.html
867,Fallout 4,24 GB,https://www.wifi4games.com/pc_games/Fallout_4.html
868,Battlefield Hardline,30 GB,https://www.wifi4games.com/pc_games/Battlefield_Hardline.html
869,SOMA,11 GB,https://www.wifi4games.com/pc_games/SOMA.html
870,Prince Of Persia The Forgotten Sands,1.98 GB,https://www.wifi4games.com/pc_games/Prince_Of_Persia_The_Forgotten_Sands.html
871,Resident Evil 4,2.5 GB,https://www.wifi4games.com/pc_games/Resident_Evil_4.html
872,Resident Evil 5,3.6 GB,https://www.wifi4games.com/pc_games/Resident_Evil_5.html
873,Call Of Duty Black Ops,7.3 GB,https://www.wifi4games.com/pc_games/Call_Of_Duty_Black_Ops.html
874,Crysis 1,5.2 GB,https://www.wifi4games.com/pc_games/Crysis_1.html
875,PayDay 2,6.7 GB,https://www.wifi4games.com/pc_games/PayDay_2.html
876,assassin's creed chronicles india,3.14 GB,https://www.wifi4games.com/pc_games/assassin's_creed_chronicles_india.html
877,My Farm Life 2,43 MB,https://www.wifi4games.com/pc_games/My_Farm_Life_2.html
878,Pure Pool Snooker,902 MB,https://www.wifi4games.com/pc_games/Pure_Pool_Snooker.html
879,pro evolution soccer 2006,3.02 GB,https://www.wifi4games.com/pc_games/pro_evolution_soccer_2006.html
880,Will Rock,300 MB,https://www.wifi4games.com/pc_games/Will_Rock.html
881,Serious Sam - The Second Encounter,425 MB,https://www.wifi4games.com/pc_games/Serious_Sam_-_The_Second_Encounter.html
882,Beach Head 2002,210 MB,https://www.wifi4games.com/pc_games/Beach_Head_2002.html
883,taezan,40 MB,https://www.wifi4games.com/pc_games/taezan.html
884,Tom & Jerry,75 MB,https://www.wifi4games.com/pc_games/Tom__Jerry.html
885,Bat Man Vengeance,383 MB,https://www.wifi4games.com/pc_games/Bat_Man_Vengeance.html
886,Dead Space 3,4.36 GB,https://www.wifi4games.com/pc_games/Dead_Space_3.html
887,Dead Space 2,4.83 GB,https://www.wifi4games.com/pc_games/Dead_Space_2.html
888,Call of duty 4 ModernWareFare,5.46 GB,https://www.wifi4games.com/pc_games/Call_of_duty_4_ModernWareFare.html
889,Deadpool,3.5 GB,https://www.wifi4games.com/pc_games/Deadpool.html
890,Call of Duty : World at War,6.37 GB,https://www.wifi4games.com/pc_games/Call_of_Duty_:_World_at_War.html
891,section 8,4 GB,https://www.wifi4games.com/pc_games/section_8.html
892,Farming Simulator 2015,1.4 GB,https://www.wifi4games.com/pc_games/Farming_Simulator_2015.html
893,Command & Conquer Generals Zero Hour,548 MB,https://www.wifi4games.com/pc_games/Command_and_Conquer_Generals_Zero_Hour.html
894,Dispatcher,1.35 GB,https://www.wifi4games.com/pc_games/Dispatcher.html
895,Need For Speed Shift,5.02 GB,https://www.wifi4games.com/pc_games/Need_For_Speed_Shift.html
896,sims 1,1.9 GB,https://www.wifi4games.com/pc_games/sims_1.html
897,Planetbase,252 MB,https://www.wifi4games.com/pc_games/Planetbase.html
898,Tom Clancy's H.A.W.X.2,3.45 GB,https://www.wifi4games.com/pc_games/Tom_Clancy's_H.A.W.X.2.html
899,Hitman Blood Money,3.57 GB,https://www.wifi4games.com/pc_games/Hitman_Blood_Money.html
900,Styx Master of Shadows,5.07 GB,https://www.wifi4games.com/pc_games/Styx_Master_of_Shadows.html
901,Metal Gear Solid V Ground Zeroes,4.71 GB,https://www.wifi4games.com/pc_games/Metal_Gear_Solid_V_Ground_Zeroes.html
902,Metro 2033 Redux,4.3 GB,https://www.wifi4games.com/pc_games/Metro_2033_Redux.html
903,Kidnapped,1 GB,https://www.wifi4games.com/pc_games/Kidnapped.html
904,Command & Conqure Red Alert 3,6.19 GB,https://www.wifi4games.com/pc_games/Command_and_Conqure_Red_Alert_3.html
905,James Bond 007: Blood Stone,5.28 GB,https://www.wifi4games.com/pc_games/James_Bond_007:_Blood_Stone.html
906,Stoked Big Air Edition,3 GB,https://www.wifi4games.com/pc_games/Stoked_Big_Air_Edition.html
907,SCANIA Truck Driving Simulation,1.42 GB,https://www.wifi4games.com/pc_games/SCANIA_Truck_Driving_Simulation.html
908,GRID Autosport,8.23 GB,https://www.wifi4games.com/pc_games/GRID_Autosport.html
909,Bully Scholarship,3.29 GB,https://www.wifi4games.com/pc_games/Bully_Scholarship.html
910,The King Of Fighters XIII,1.96 GB,https://www.wifi4games.com/pc_games/The_King_Of_Fighters_XIII.html
911,MXGP - The Official Motocross Videogame,1.39 GB,https://www.wifi4games.com/pc_games/MXGP_-_The_Official_Motocross_Videogame.html
912,Sonic & SEGA All-Stars Racing,3.98 GB,https://www.wifi4games.com/pc_games/Sonic__SEGA_All-Stars_Racing.html
913,Mirror's Edge,4.79 GB,https://www.wifi4games.com/pc_games/Mirror's_Edge.html
914,the king of fighters 2002 unlimited match,823 MB,https://www.wifi4games.com/pc_games/the_king_of_fighters_2002_unlimited_match.html
915,Driver San Francisco,9.48 GB,https://www.wifi4games.com/pc_games/Driver_San_Francisco.html
916,TMNT 2003,121 MB,https://www.wifi4games.com/pc_games/Teenage_Mutant_Ninja_Turtles_2003.html
917,need for speed most wanted 2005,2 GB,https://www.wifi4games.com/pc_games/need_for_speed_most_wanted_2005.html
918,Shank 2,1.33 GB,https://www.wifi4games.com/pc_games/Shank_2.html
919,Trials Fusion Welcome To The Abyss,6 GB,https://www.wifi4games.com/pc_games/Trials_Fusion_Welcome_To_The_Abyss.html
920,the legend of korra,1.57 GB,https://www.wifi4games.com/pc_games/the_legend_of_korra.html
921,Euro Truck Simulator,135 MB,https://www.wifi4games.com/pc_games/Euro_Truck_Simulator.html
922,IGI 2,723 MB,https://www.wifi4games.com/pc_games/IGI_2.html
923,Naruto Shippuden Ultimate Ninja Storm 3,6.21 GB,https://www.wifi4games.com/pc_games/Naruto_Shippuden_Ultimate_Ninja_Storm_3.html
924,One Piece Pirate Warriors 3,9.7 GB,https://www.wifi4games.com/pc_games/One_Piece_Pirate_Warriors_3.html
925,Naild,2 GB,https://www.wifi4games.com/pc_games/Naild.html
926,Shadow Blade: Reload,1.2 GB,https://www.wifi4games.com/pc_games/Shadow_Blade:_Reload.html
927,Dragon Ball Z SAGAS,256 MB,https://www.wifi4games.com/pc_games/Dragon_Ball_Z_SAGAS.html
928,Avatar The Last Airbender,354 MB,https://www.wifi4games.com/pc_games/Avatar_The_Last_Airbender.html
929,Neighbours from hell 2 on vacation,205 MB,https://www.wifi4games.com/pc_games/Neighbours_from_Hell_2_on_vacation.html
930,Conflict Desert Storm,407 MB,https://www.wifi4games.com/pc_games/Conflict_Desert_Storm.html
931,Counter-Strike 1.4,500 MB,https://www.wifi4games.com/pc_games/Counter-Strike1.4.html
932,TMNT 2 BattleNexus,300 MB,https://www.wifi4games.com/pc_games/TeenageMutantNinjaTurtles2.html
933,GTA Vice City Bab Al Hara,690 MB,https://www.wifi4games.com/pc_games/GTAVceCityBabAlHara.html
934,Plants Vs Zombies,34 MB,https://www.wifi4games.com/pc_games/PlantsVsZombies.html
935,Saving Private Sheep,44 MB,https://www.wifi4games.com/pc_games/SavingPrivateSheep.html
936,Talismania,10 MB,https://www.wifi4games.com/pc_games/Talismania.html
937,worms blast,37 MB,https://www.wifi4games.com/pc_games/wormsblast.html
938,Worms Forts Under Siege,434 MB,https://www.wifi4games.com/pc_games/WormsFortsUnderSiege.html
939,shank,1.45 GB,https://www.wifi4games.com/pc_games/shank.html
940,pes 13,2.75 GB,https://www.wifi4games.com/pc_games/ProEvolutionSoccer2013.html
941,God of War II,360 MB,https://www.wifi4games.com/pc_games/GodofWarII.html
942,spec ops the line,4.46 GB,https://www.wifi4games.com/pc_games/specopstheline.html
943,serious Sam2,2.4 GB,https://www.wifi4games.com/pc_games/seriousSam2.html
944,IGI 1,230 MB,https://www.wifi4games.com/pc_games/IGI1.html
945,Neighbours From Hell,105 MB,https://www.wifi4games.com/pc_games/Neighbours_From_Hell.html
946,Xmen,330 MB,https://www.wifi4games.com/pc_games/Xmen.html
947,Offroad Racers,100 MB,https://www.wifi4games.com/pc_games/Offroad_Racers_47.html
948,madagascar escape 2 africa,4.99 GB,https://www.wifi4games.com/pc_games/madagascar_escape_2.html
949,Need for Speed Carbon,3.46 GB,https://www.wifi4games.com/pc_games/Need_for_Speed_Carbon.html
950,king of the Road,172 MB,https://www.wifi4games.com/pc_games/king_of_the_Road.html
951,Combat Task Force 121,204 MB,https://www.wifi4games.com/pc_games/Combat_2.html
952,Iron Man,1.86 GB,https://www.wifi4games.com/pc_games/Iron_Man.html
953,Serious Sam 3,4.11 GB,https://www.wifi4games.com/pc_games/Serious_Sam_3.html
954,Goat Simulator,610 MB,https://www.wifi4games.com/pc_games/Goat_Simulator.html
955,spider man,3 GB,https://www.wifi4games.com/pc_games/Spider-Man_3.html
956,Apache Air Assault,2 GB,https://www.wifi4games.com/pc_games/Apache_Air_Assault.html
957,GTA Aleppo City,390 MB,https://www.wifi4games.com/pc_games/GTA_Aleppo_City.html
958,x-men origins wolverine,6.06 GB,https://www.wifi4games.com/pc_games/x-men_origins_wolverine.html
959,Harry Potter and the Deathly Hallows 2,4.35 GB,https://www.wifi4games.com/pc_games/Harry_Potter_and_the_Deathly_Hallows.html
960,mafia 2,5.54 GB,https://www.wifi4games.com/pc_games/mafia_2.html
961,Evil Dead Regeneration,2.03 GB,https://www.wifi4games.com/pc_games/Evil_Dead_Regeneration.html
962,Worms 3D,57 MB,https://www.wifi4games.com/pc_games/worms_3D.html
963,Need For Speed Most Wanted 2012,5 GB,https://www.wifi4games.com/pc_games/Need_For_Speed_Most_Wanted_2012.html
964,The suffering,1.23 GB,https://www.wifi4games.com/pc_games/The_suffering.html
965,PES 2015,3.57 GB,https://www.wifi4games.com/pc_games/Pro_Evolution_Soccer_2015.html
966,Crysis 2,6.86 GB,https://www.wifi4games.com/pc_games/Crysis_2.html
967,Blur,5.1 GB,https://www.wifi4games.com/pc_games/download_Blur_pc.html
968,G-FOREC,2.16 GB,https://www.wifi4games.com/pc_games/G-FOREC.html
969,Battlefield 2142,3.23 GB,https://www.wifi4games.com/pc_games/Battlefield_2142.html
970,Dead Island,5 GB,https://www.wifi4games.com/pc_games/Dead_Island.html
971,I am bread,217 MB,https://www.wifi4games.com/pc_games/I_am_bread.html
972,2 Red Alert,341 MB,https://www.wifi4games.com/pc_games/2_Red_Alert.html
973,Outlast,2.92 GB,https://www.wifi4games.com/pc_games/Outlast.html
974,Homefront,3 GB,https://www.wifi4games.com/pc_games/Homefront.html
